timestamp,zone_name,wind_speed,wind_direction,current_speed,precipitation,beached_percent,beaching_kg
2024-10-06T23:06:19.504657,Bandra,13.490142459033699,42.23471397657631,0.9943065614302078,0.16962487046234628,15.230298564080254,298.524286983365
2024-10-07T11:06:19.504657,Versova,15.03154585441958,35.610512281300956,0.9627680130757894,0.20067898874966336,0.0,135.17780330942804
2024-10-07T23:06:19.504657,Juhu,4.68268255483193,57.06882450076263,0.7246868095742671,0.9633456769068319,0.0,68.13214916185007
2024-10-08T11:06:19.504657,Bandra,11.896043447317203,47.444383304453595,0.6453693013722641,0.18696125197741642,0.0,129.10264013802964
2024-10-08T23:06:19.504657,Versova,14.846528573157048,76.61701172078052,0.6895487175969377,0.4960365360493639,3.75564633840694,238.989337604439
2024-10-09T11:06:19.504657,Versova,9.88663964887023,100.56626083104881,1.1580919172846953,0.20438859950790575,7.384665799954105,187.30735924311364
2024-10-09T23:06:19.504657,Juhu,8.972743971404677,13.334115729262251,1.0321101250501046,0.44122699952987016,0.0,127.05997713292857
2024-10-10T11:06:19.504657,Bandra,6.710879533911799,28.131601532814308,0.6460023783808502,0.01575994483585621,0.0,12.27024718680596
2024-10-10T23:06:19.504657,Bandra,13.746368384139117,62.75496919186715,1.0682996990326283,0.07692926551379635,7.549977972447358,183.78001455568534
2024-10-11T11:06:19.504657,Juhu,11.072362872446357,41.6358982380183,1.1494305936513571,0.10027360538630499,14.689412854323924,194.69010860387738
2024-10-11T23:06:19.504657,Versova,14.437577467182594,72.12480057141646,0.7783969635258999,0.1273723936155019,10.03532897892024,302.81860009341995
2024-10-12T11:06:19.504657,Juhu,14.386786391687824,29.40596238680243,0.5468310918968223,0.04127375231664331,0.0,189.4924274862836
2024-10-12T23:06:19.504657,Bandra,12.451467234331783,42.731574973072114,1.590058466183637,1.1891370222133257,0.0,170.2458143484654
2024-10-13T11:06:19.504657,Versova,8.915652688237387,29.214833426041597,1.023113385131368,0.08010427855017636,0.0,82.30050147237269
2024-10-13T23:06:19.504657,Versova,7.599096344461422,62.852589430123246,0.7684228597996462,0.24646391605155396,0.0,140.55354021377994
2024-10-14T11:06:19.504657,Juhu,11.370922689489007,38.44749633443995,0.5415205837255014,2.3733127706633907,8.499212040623496,150.74512116461756
2024-10-14T23:06:19.504657,Bandra,12.888360831193728,50.221105443597786,0.8015340369927383,0.5402733209186713,0.0,137.5858739999034
2024-10-15T11:06:19.504657,Versova,11.132589430590174,35.337546424974136,0.629051495480479,0.816676197331698,0.0,130.35081381665978
2024-10-15T23:06:19.504657,Bandra,6.243686354102875,44.46972249101566,0.818069062982308,0.05285108738039248,24.63242112485286,296.13556565663566
2024-10-16T11:06:19.504657,Bandra,11.222914065783328,51.76045317750283,1.392371359086046,0.5938144920353857,21.587285233631036,371.9312419544307
2024-10-16T23:06:19.504657,Juhu,9.673991682129166,60.46281711778498,0.5594516469950919,1.0005037477317713,13.840157189326783,261.1545311288366
2024-10-17T11:06:19.504657,Bandra,18.571366877429938,45.561989266964034,0.4408738809985092,1.19011199994745,0.0,271.6821251083021
2024-10-17T23:06:19.504657,Juhu,14.662534843248807,57.1096626169535,0.5839106021423561,2.822170042716193,0.0,211.461910382038
2024-10-18T11:06:19.504657,Bandra,4.590903404797208,68.38415293905246,1.061995090726828,0.23454785986219884,18.723191173207205,225.86780654575722
2024-10-18T23:06:19.504657,Juhu,15.131581832755973,55.52896322669392,1.2091659573251317,0.27687704543790315,25.391627162693325,399.090524234229
2024-10-19T11:06:19.504657,Juhu,14.345468615331932,64.29621164656871,0.48055065414109827,1.8751050499355169,0.0,234.78577207595828
2024-10-19T23:06:19.504657,Versova,9.959925835264528,49.64507394322007,0.8879217419896044,0.005074437051797003,0.0,128.2861328080069
2024-10-20T11:06:19.504657,Bandra,8.349435322922282,48.01318086966562,0.7952855180442661,0.19349404041660798,0.0,81.99452876385526
2024-10-20T23:06:19.504657,Versova,9.120316103658281,67.09856436900299,0.990272088879287,1.0115156153275293,30.610952143782598,386.3694485499811
2024-10-21T11:06:19.504657,Bandra,7.505113087884208,62.57347096381791,0.7281216475418572,0.9973343857364831,0.13001891877907018,168.76488419139133
2024-10-21T23:06:19.504657,Versova,7.780784198455354,44.30940687810383,0.5110953121801621,0.024616481080688615,9.771800008130732,118.12226794885791
2024-10-22T11:06:19.504657,Bandra,13.447417245729556,42.51735222236681,1.0221022453843216,3.400842016122056,0.0,102.63085579507172
2024-10-22T23:06:19.504657,Bandra,11.666388000569192,10.018611316567728,0.39757895061615073,1.8592664926604465,0.0,181.0486160152315
2024-10-23T11:06:19.504657,Bandra,8.759397389878544,46.16417436892,0.4571089106508131,2.0986086379007944,8.72447157660453,238.71151168576964
2024-10-23T23:06:19.504657,Bandra,13.349322115466201,80.57848687771923,0.5999169875130462,0.2959924328324803,0.0,125.02427079757065
2024-10-24T11:06:19.504657,Bandra,12.586039417640919,73.74712656667054,0.8021919118221897,1.0497190748878003,9.540017634932024,265.1707720308761
2024-10-24T23:06:19.504657,Juhu,8.542303885019955,14.984632135856518,0.8495068394328016,0.036604104210857,0.0,218.42359547496918
2024-10-25T11:06:19.504657,Juhu,6.398204422224756,47.996674326791954,0.8422722104213965,0.28801727598069243,0.0,99.51983278830063
2024-10-25T23:06:19.504657,Bandra,15.631195899409917,41.975280690155415,0.6876435322728591,1.2023481606650837,0.0,188.2263678381881
2024-10-26T11:06:19.504657,Versova,10.541348142740627,29.149585231345988,0.7655790675599303,0.02567760954147438,0.0,209.68965229100263
2024-10-26T23:06:19.504657,Juhu,11.653579770228802,61.63417153951694,0.7041934766555666,0.2019521793431432,0.0,150.04549385993926
2024-10-27T11:06:19.504657,Bandra,13.733691405296504,52.54592530920819,1.295405295943847,0.9460304720374351,0.0,145.32274558043264
2024-10-27T23:06:19.504657,Bandra,11.287824116379992,82.44011360944609,0.7941673577301356,0.6414503320943712,0.0,126.03273348737375
2024-10-28T11:06:19.504657,Juhu,8.25665045410545,38.51209104865201,0.9573827001891527,0.01542286357518888,0.018136111946762307,137.09877275229806
2024-10-28T23:06:19.504657,Juhu,14.917898600696374,75.88949677415584,0.9032204394206067,1.614195686122846,9.262325428850337,298.6396489179896
2024-10-29T11:06:19.504657,Versova,17.426870487060487,87.66066749312533,0.21437366014324954,2.838127146232999,4.393271401034342,253.03435835598992
2024-10-29T23:06:19.504657,Versova,9.993075518049945,27.63831549191025,0.6364887153958726,0.039742506866588964,0.0,42.92934861633748
2024-10-30T11:06:19.504657,Versova,15.350680320605036,62.69980934373331,0.6606410754065097,0.02354700318071151,0.0,226.80600371421522
2024-10-30T23:06:19.504657,Juhu,14.856033281540084,74.05100494924741,0.9086041735827413,1.6269958059939782,5.813141340357241,191.4627585852052
2024-10-31T11:06:19.504657,Bandra,10.319456879409092,82.40847795631035,1.3064051097106746,1.3154548155708827,0.0,103.02458248279709
2024-10-31T23:06:19.504657,Versova,16.658579327517977,36.209642490514454,0.6776253941686113,2.328445680867632,2.616230559724664,297.74896517006766
2024-11-01T11:06:19.504657,Bandra,12.063011524898277,33.20694286625669,0.7105096330508878,0.05496877411360514,3.9204188973259586,170.1680709682708
2024-11-01T23:06:19.504657,Juhu,12.290987894978155,56.903140508738275,0.5545337950299583,0.347022778746197,20.923872756854603,376.86409677723435
2024-11-02T11:06:19.504657,Bandra,8.410018592359433,57.4823963410431,0.988503652779284,0.09563694654031944,0.0,100.9575555287244
2024-11-02T23:06:19.504657,Juhu,17.440999727636722,53.0916579023505,0.8270217760944985,1.8231310335919113,0.8273043580047901,153.053006931952
2024-11-03T11:06:19.504657,Juhu,10.849537421415715,56.18218405229055,1.0617624774291439,0.08484875058031206,0.0,60.24550409106236
2024-11-03T23:06:19.504657,Juhu,10.007317670086731,72.20222732496343,0.18887721950835834,2.3682376754780905,15.700322805426723,256.5807724667105
2024-11-04T11:06:19.504657,Bandra,8.992411906086573,73.87494419371524,0.22552778911714344,1.3508262992501625,6.475581090137137,193.2690498356297
2024-11-04T23:06:19.504657,Versova,13.558039542723517,75.65477826005156,0.7673719554629428,0.3364691574205587,4.017117220989414,179.35569623614188
2024-11-05T11:06:19.504657,Juhu,13.373029363286516,7.065055596341551,0.9797279977487423,0.0443707665719153,8.435740227803443,174.8680541027269
2024-11-05T23:06:19.504657,Juhu,18.827283892701608,53.12453370099857,0.6704173395174884,0.9876741730080221,18.5996700648693,423.27916993244776
2024-11-06T11:06:19.504657,Versova,12.550026017215055,42.1343348256584,0.6198185956251245,0.11289557296188789,0.0,126.60661363391725
2024-11-06T23:06:19.504657,Juhu,7.942648335270009,33.83159261134479,0.5605294345905402,0.30103734217940065,0.0,72.07229535587308
2024-11-07T11:06:19.504657,Versova,11.851561341650406,64.008476763721,0.6269289033012792,1.1543295836488157,7.4196301652946515,281.1803566118876
2024-11-07T23:06:19.504657,Bandra,8.304807697470522,48.791698403211775,1.21987899435582,0.6546384166792495,0.0,72.14159221465695
2024-11-08T11:06:19.504657,Bandra,16.308550404233298,50.512703157748156,0.8836169104911984,0.6324155711397735,0.0,168.8959315588098
2024-11-08T23:06:19.504657,Versova,12.778167926999082,51.046965806632855,1.2548699968801689,2.896171682874436,3.1245848109794743,170.31227845223478
2024-11-09T11:06:19.504657,Versova,13.868549797042496,31.86942097062365,0.5662759312256375,0.32121375739991664,3.3317329483982454,181.7874217115183
2024-11-09T23:06:19.504657,Versova,9.51632076325286,38.922711291381454,0.8727001058249338,1.479807080960515,20.47398921130238,344.3516574574473
2024-11-10T11:06:19.504657,Versova,12.202555444230327,53.274255999041486,1.2026265512917746,0.6540148694264596,13.967935787702428,241.94870642902674
2024-11-10T23:06:19.504657,Juhu,9.105229618259687,58.72102919996878,1.1175273460548762,0.4979818675611507,0.0,156.05584276922966
2024-11-11T11:06:19.504657,Juhu,11.588766536874441,75.04714104192055,0.8222284341259326,0.5050801312991797,9.815473767300812,236.64941709059227
2024-11-11T23:06:19.504657,Versova,11.415989214367562,73.3934595508749,0.9382211202691758,0.06853152562175019,5.861056047234005,190.62503000631455
2024-11-12T11:06:19.504657,Juhu,10.555984952160824,67.45355369596042,0.3676412718512005,0.27462846771560295,3.6659824609684826,110.37883213588799
2024-11-12T23:06:19.504657,Juhu,11.811962708180484,64.10284641002477,0.504282186099337,0.21355098099509506,5.040465155178444,142.3600749801444
2024-11-13T11:06:19.504657,Versova,10.32292352029843,78.65852928745872,1.5144910383523853,0.44004332978506316,0.0,68.05904762904117
2024-11-13T23:06:19.504657,Bandra,13.543766972071618,69.0927014515165,1.055406279380153,1.3793572402143084,0.0,142.8969324854046
2024-11-14T11:06:19.504657,Versova,10.27254527806596,44.296061230750325,0.8169676848767504,1.4269305768047091,17.807294381452227,285.48754068961216
2024-11-14T23:06:19.504657,Bandra,13.729670889167298,51.22500309087072,1.7236642425365714,0.11336133854066338,11.195749114345768,331.0782207871675
2024-11-15T11:06:19.504657,Versova,4.629758829409562,50.87332047218931,0.6533690529633402,0.2012400423132632,11.895997812847487,162.89809660207874
2024-11-15T23:06:19.504657,Bandra,9.680325088641531,37.98421509654262,0.8654668197593289,1.1366329578930316,9.105641223710805,194.2935635770191
2024-11-16T11:06:19.504657,Versova,16.43983241667008,76.25627132416221,0.9666920718900603,0.815862458136845,14.794339278288248,419.0188358283753
2024-11-16T23:06:19.504657,Juhu,9.373145239845728,17.344005380713277,1.0778532642594925,0.44020675965180617,19.094166404701305,268.81665449482887
2024-11-17T11:06:19.504657,Bandra,12.382096435611468,40.87522082088267,0.11661487465683285,1.9025850098761952,1.739663291695697,217.40898597240556
2024-11-17T23:06:19.504657,Versova,12.71197315427923,50.47154806277256,0.5827994610187104,1.1045595986817835,0.0,163.033091116221
2024-11-18T11:06:19.504657,Juhu,14.254161370115368,63.66024280776699,0.5714795252816542,0.20707798214607084,0.0,81.8412213188888
2024-11-18T23:06:19.504657,Juhu,12.647581944567015,79.17991326377668,1.0962479017102167,0.09133727978198274,7.642043880019081,251.5766307043179
2024-11-19T11:06:19.504657,Juhu,12.0323944944291,31.963277843956817,0.8142196013949242,0.41038360138042324,0.0,184.45320667181937
2024-11-19T23:06:19.504657,Juhu,19.16963481665497,32.911710437365755,0.7360378619284508,1.9019815164467542,1.5953340573072232,224.3210991041376
2024-11-20T11:06:19.504657,Versova,16.515075343982463,48.39458568780748,0.8268181757436949,0.19995580970079768,0.8658978747289992,198.3240044045216
2024-11-20T23:06:19.504657,Versova,13.595750676656538,58.927022533049744,0.9548374185733073,0.2062925635538671,4.754936414491742,234.88994914932601
2024-11-21T11:06:19.504657,Versova,8.126626833153882,62.422494068633846,0.7021929403496477,0.49831274969744493,0.0,165.0637074044488
2024-11-21T23:06:19.504657,Versova,12.750571476742929,61.11470599052237,0.10209448595006698,0.8615333378161123,15.108032181145262,217.65372390568933
2024-11-22T11:06:19.504657,Bandra,7.159768033347624,62.848216396304224,0.8286861337668178,0.9787993038573307,0.0,147.9989150798046
2024-11-22T23:06:19.504657,Bandra,11.961767548534896,66.08790431698229,0.943874277329926,6.071640830701141,15.830307939565351,341.94955277195254
2024-11-23T11:06:19.504657,Bandra,15.029684883148981,75.19542624919247,0.9206103440140767,2.093667344385938,10.375399442578992,248.32693091761206
2024-11-23T23:06:19.504657,Juhu,9.6617214123674,1.0697079833598195,0.8165467629255837,0.7762258725847767,25.056892096419723,191.63036101347328
2024-11-24T11:06:19.504657,Juhu,10.843385280096266,62.392118402113205,1.2066913576414853,1.184001709087617,0.0,150.08884795250324
2024-11-24T23:06:19.504657,Bandra,8.46664337552294,31.39476825612184,0.29616221539946297,0.9543827664217432,0.0,92.92992549862521
2024-11-25T11:06:19.504657,Versova,10.680407137153747,47.187895892097856,1.0177299871696077,1.1928707405259582,2.168610369829383,173.58395557278345
2024-11-25T23:06:19.504657,Versova,10.192056584084053,71.0369833632019,0.6117743346867569,0.20618919154990592,0.0,99.66431533173336
2024-11-26T11:06:19.504657,Juhu,14.855649054085662,95.77382203474973,0.9571858001323381,0.5091648434090136,0.0,159.46955936870202
2024-11-26T23:06:19.504657,Bandra,14.556739467090804,358.5852525204374,0.731036128566084,0.42610648595849526,7.000197156961053,216.02374832606412
2024-11-27T11:06:19.504657,Versova,17.007064575868178,54.433762103956816,0.3410707090481577,0.18093849457915503,0.0,250.28384795783907
2024-11-27T23:06:19.504657,Bandra,11.193333928335509,22.869481825166595,1.572007940974958,0.06943205082825417,0.5921843401448825,100.27745685360244
2024-11-28T11:06:19.504657,Bandra,14.022841406240326,36.03945720399539,0.16277057770094794,0.980765220531322,10.861055267696555,240.3372492072832
2024-11-28T23:06:19.504657,Juhu,16.165746807120865,351.8129728590126,0.17648700352431712,0.8201634571378748,0.0,180.9553992671223
2024-11-29T11:06:19.504657,Juhu,10.885677402012625,47.194652783755856,0.7448191533773065,0.31786895237536955,0.6363324036855513,184.88383596266044
2024-11-29T23:06:19.504657,Bandra,14.807035179442384,70.43110189988317,1.0165016192129706,0.019907381292139405,0.0,182.72124794163602
2024-11-30T11:06:19.504657,Juhu,11.608964562038375,47.86430904995043,1.0934878946348774,1.2758738157503222,12.498053194112153,266.68759873533537
2024-11-30T23:06:19.504657,Juhu,11.172571303194024,23.84937497133315,0.6189691235291712,1.00304970865838,0.0,173.52801653325943
2024-12-01T11:06:19.504657,Bandra,13.400347650794588,51.606381364852325,1.0610029722692225,1.2172138653302653,2.2726140913456794,222.47017557004762
2024-12-01T23:06:19.504657,Versova,9.886968928371722,16.830774072728808,0.33301124794282894,0.9785622455470876,6.060099513456397,234.3519713023266
2024-12-02T11:06:19.504657,Versova,5.4903669388774246,37.66053602239235,0.9417189928518075,3.6709320839540633,0.0,97.1127254154323
2024-12-02T23:06:19.504657,Juhu,14.915468070518207,44.380834987268535,0.6992854781340287,0.022725589477540116,13.460442074647172,302.1728698353865
2024-12-03T11:06:19.504657,Juhu,6.8694948220301235,17.833045614276962,0.6591683259771363,1.035790086414754,0.0,76.49315230204314
2024-12-03T23:06:19.504657,Versova,10.380720959071915,29.433905491953745,0.8587535765293045,0.3202813286027929,0.0,226.4487604338746
2024-12-04T11:06:19.504657,Bandra,14.15277473937915,33.77266281808683,0.8942611198851352,0.15084444654884752,0.0,125.10582423079542
2024-12-04T23:06:19.504657,Versova,16.86160033549763,76.40989270522277,0.49887263253098885,2.4582095607713015,5.102963895823232,163.4102514298317
2024-12-05T11:06:19.504657,Juhu,8.161269099792896,7.904283916813888,0.503125082727578,3.18513107055408,0.0,174.24049307179826
2024-12-05T23:06:19.504657,Versova,14.244104177885175,75.0194326112858,0.7616912448167685,3.081005595428849,5.551452887111212,228.25546961732726
2024-12-06T11:06:19.504657,Versova,8.642655215919874,33.487243475244526,0.8366029443936085,0.6859059560261889,0.0,156.49750237760495
2024-12-06T23:06:19.504657,Bandra,5.6419278958840735,37.98269386052921,0.48622619934287054,1.2205275805475095,0.0,26.57123827652491
2024-12-07T11:06:19.504657,Bandra,18.908735693169337,54.994752402242206,0.9597785328111653,1.1864488197091214,6.218099622171964,204.07063339943053
2024-12-07T23:06:19.504657,Juhu,14.957168150470691,33.110709037235566,0.8652523717080683,0.09069657192750691,19.45871284827684,399.83585514819526
2024-12-08T11:06:19.504657,Versova,14.067108609644917,61.67844309097808,0.937754023768531,0.2872395155401201,0.0,167.34625552655035
2024-12-08T23:06:19.504657,Bandra,12.434812244343542,37.350339650838166,0.8310433295939557,7.343936688190109,0.0,123.3876138239807
2024-12-09T11:06:19.504657,Versova,19.817932400878554,53.93279463034172,0.7360182872102626,3.5424699226222534,0.0,289.6025732922851
2024-12-09T23:06:19.504657,Juhu,11.799371026568199,31.727480972358464,1.4573198016679152,1.0503003829695392,3.4006763052523103,219.16209834514416
2024-12-10T11:06:19.504657,Bandra,5.964245990388685,49.44267543267426,0.6563754135009569,0.41532601306856703,0.0,80.3968179909915
2024-12-10T23:06:19.504657,Versova,12.526263225900339,72.77182242888365,1.169048394037144,0.7343194653386947,8.360610511595235,271.37849009153166
2024-12-11T11:06:19.504657,Juhu,11.411216402171132,59.26799180410892,0.8141051639371236,1.6033725230231253,0.0,215.41883145044818
2024-12-11T23:06:19.504657,Juhu,19.793113929703154,31.992581118599464,0.5966872983124866,0.09617982645995783,0.0,252.34696421143428
2024-12-12T11:06:19.504657,Versova,5.744347069303684,36.596263658082854,0.7154646173418479,0.4379193315941165,0.0,18.57616359820544
2024-12-12T23:06:19.504657,Bandra,7.226056512372279,57.7326296882563,0.7264791145050992,0.13288880746585943,0.0,115.5310658844252
2024-12-13T11:06:19.504657,Juhu,7.402417974248036,91.19445510812373,0.6008309259360003,0.18276238925679855,1.6645220821305609,127.68156749471237
2024-12-13T23:06:19.504657,Versova,11.615365421714667,34.9772006544286,0.9405690480114568,0.993652245278212,5.081897774921301,189.83509166327622
2024-12-14T11:06:19.504657,Bandra,7.500489266029367,11.019855903126647,0.8532126175518638,0.7241177028978903,1.6965288947085122,107.048060705318
2024-12-14T23:06:19.504657,Juhu,10.343330867157086,57.65863635511022,0.8608769062553899,0.898794524186919,0.0,86.6084390976527
2024-12-15T11:06:19.504657,Juhu,12.494093482311422,15.123407175715187,0.5851831637798017,0.6475560866881959,0.0,143.78796900766545
2024-12-15T23:06:19.504657,Versova,9.448330624013414,47.09470597276261,0.27543590451274214,0.30077242347628447,0.0,113.22748096185252
2024-12-16T11:06:19.504657,Juhu,17.383673590553364,63.14989536834511,0.81076836493031,0.8470420909113444,5.446674443183897,357.25706629601405
2024-12-16T23:06:19.504657,Bandra,13.751784555977892,37.81415818425881,0.9771964492076928,1.9010057185416065,11.087035805829078,283.5036093680943
2024-12-17T11:06:19.504657,Versova,14.145021041403423,51.35610338403768,0.6111450355852748,0.209760430846232,10.402059282236625,249.2678602300451
2024-12-17T23:06:19.504657,Bandra,10.889029894208111,28.328820254414666,0.5931379036758903,1.7035674221585724,4.949555175615254,180.21987839295312
2024-12-18T11:06:19.504657,Bandra,15.835355587821896,58.05069387518958,0.232236204408811,0.12312159934067642,0.0,200.12591922846903
2024-12-18T23:06:19.504657,Versova,12.748151051132266,76.5490655952695,0.7714113402839144,1.001363697345023,2.7902152577033923,189.08364465646483
2024-12-19T11:06:19.504657,Bandra,13.225537045132278,60.038052360653964,1.0930697234111197,0.6416442961645832,0.0,257.4548954453495
2024-12-19T23:06:19.504657,Versova,13.101306800364203,34.48389225374086,0.7606884779003013,1.4714489225838567,0.0,136.81294988262982
2024-12-20T11:06:19.504657,Juhu,17.64347120832177,58.56598822384082,0.785591140785747,0.10780084605866488,0.8895227260970209,277.6725263075008
2024-12-20T23:06:19.504657,Juhu,8.93630154860786,59.167128945987066,0.8731402141313597,1.062795094423143,0.0,101.42895513263176
2024-12-21T11:06:19.504657,Bandra,8.559124113799683,8.064551310571971,0.6299991762469683,0.38675534311869925,9.42166505163829,223.02140570144948
2024-12-21T23:06:19.504657,Bandra,12.222618641400466,40.41194794539295,1.0851508265847876,0.6409531147028137,0.0,167.01245658920487
2024-12-22T11:06:19.504657,Versova,13.370259657461352,77.53038943399363,0.055611504030439574,0.018023341492296875,0.0,207.39441367374016
2024-12-22T23:06:19.504657,Versova,15.7476053024626,54.828091340389946,0.4907847491595431,0.1337437491163384,0.0,155.8203672721694
2024-12-23T11:06:19.504657,Bandra,17.402821298732448,33.52221035329734,0.6606826770158785,1.0541729091717489,8.907380837748903,199.47408564455776
2024-12-23T23:06:19.504657,Versova,17.888467902136377,37.29879476280988,0.8985486110389449,1.2797300308746538,0.0,281.81801542359744
2024-12-24T11:06:19.504657,Versova,14.226253765571396,50.15993984240132,0.9407350129343188,1.382946527778049,0.0,180.00995541646458
2024-12-24T23:06:19.504657,Juhu,16.510194905301454,62.54724581151343,0.7337107478511009,0.39520983599786014,0.2688583899453078,158.43332176446015
2024-12-25T11:06:19.504657,Bandra,12.112980699503813,17.292562686605354,0.4678041459961066,3.792747143027206,6.321161012683779,165.95045981758935
2024-12-25T23:06:19.504657,Versova,10.519611550907953,36.10033357252281,0.882653168704476,1.2257949395115995,0.0,135.34583180446214
2024-12-26T11:06:19.504657,Versova,10.059189666883277,70.30394503247398,0.9678077626184993,0.9474150725757673,21.15755721916655,284.4450776381063
2024-12-26T23:06:19.504657,Juhu,11.406140620295009,71.34556453462372,0.920403088107437,1.3152378349869207,21.825070241770874,285.47953837191926
2024-12-27T11:06:19.504657,Juhu,10.548342497837035,13.848344282765325,1.116309064516161,0.6352228463167408,5.711939205679622,194.21430063200103
2024-12-27T23:06:19.504657,Bandra,11.926936223217051,87.84540717223727,1.3182629510302135,0.2593599456867067,4.363236696740321,122.93456695589543
2024-12-28T11:06:19.504657,Juhu,13.692832164080208,36.75373762530276,0.37641170703672466,0.2276264348664426,0.0,183.0398519729804
2024-12-28T23:06:19.504657,Versova,14.798637252985865,62.463170972382976,0.24070054150727171,0.46368565054729705,0.0,191.12466621656546
2024-12-29T11:06:19.504657,Versova,15.141294907836464,42.892161491253475,1.3342487638899927,2.066906341267767,0.0,236.21306747471
2024-12-29T23:06:19.504657,Versova,8.168338602230751,14.024403549755764,1.1738980657392362,0.2689153985101718,0.0,75.54960817087847
2024-12-30T11:06:19.504657,Juhu,16.164938104301424,33.9938969230916,0.5985129896185846,3.5541770388615115,3.2380012760594523,223.07965370472576
2024-12-30T23:06:19.504657,Juhu,9.318397051485569,42.20989049026858,1.283020240608014,0.8661084403626207,0.0,81.8644274802227
2024-12-31T11:06:19.504657,Juhu,12.826574632405594,52.48560111154612,0.7739465668609425,0.2985858804240062,0.0,213.45316435991313
2024-12-31T23:06:19.504657,Juhu,9.699140283352708,29.797014554841574,0.7548740436614502,0.40180585582932743,9.955485853622786,295.59431440936237
2025-01-01T11:06:19.504657,Juhu,10.230064228756667,13.86836202680498,0.6715654517102263,0.9600989165734678,0.0,153.59448635465782
2025-01-01T23:06:19.504657,Versova,7.089825026101977,69.1138292016286,1.2484065726093139,1.222087876326366,1.777558935804024,160.14799676328343
2025-01-02T11:06:19.504657,Versova,11.516374594290395,39.819157083585935,0.7410950452745065,0.3143678057281079,0.4838511828580344,109.26197105601
2025-01-02T23:06:19.504657,Juhu,14.197920231646737,43.385668397828354,0.8235905570948272,0.042461733001051695,0.0,177.55448112582934
2025-01-03T11:06:19.504657,Bandra,13.357604675464003,14.11071012787065,0.9510287247805633,0.7375799499141426,4.2787067719038605,93.81435830033918
2025-01-03T23:06:19.504657,Versova,9.184596269382453,57.885363190186034,0.8829707457784783,0.5865378397571736,0.0,103.61372439320797
2025-01-04T11:06:19.504657,Juhu,12.652298619539168,42.9431167372786,0.791961696009301,0.2799087503851856,1.8377113462304207,176.2672989360652
2025-01-04T23:06:19.504657,Versova,15.31657779887395,68.7406061112076,0.9916190666087554,0.5006515648958588,0.0,147.7207752901228
2025-01-05T11:06:19.504657,Juhu,12.889884959028526,43.717233068140146,0.8986287230910441,2.046033461015753,3.4060001909985846,263.91586580091234
2025-01-05T23:06:19.504657,Juhu,12.907196532714673,29.292937149758938,1.0704423889843357,2.102842492962841,0.0,204.89557485928398
2025-01-06T11:06:19.504657,Bandra,10.825723449939794,47.40999917578602,0.49139770006127487,0.0057753055162538544,0.0,57.93501379714408
2025-01-06T23:06:19.504657,Bandra,5.941333353068494,66.42801820747442,1.4636573928154055,0.7889686457384053,11.11987713810645,149.0482785204641
2025-01-07T11:06:19.504657,Versova,11.895890039910329,77.84030320272738,1.1029451268027903,0.9662437301484182,0.0,113.43228261210993
2025-01-07T23:06:19.504657,Bandra,7.107979897754207,48.41941943136438,0.0750644704362532,0.797206850308043,0.0,132.0268120056262
2025-01-08T11:06:19.504657,Juhu,14.938232702502185,39.94628623998072,0.9176253589102609,2.617769166223719,0.0,178.31388441780612
2025-01-08T23:06:19.504657,Versova,13.385090754372635,91.94094966745462,0.9567255839847695,0.7598431491043595,2.068438519965253,139.52140891441934
2025-01-09T11:06:19.504657,Bandra,12.49043243750236,25.20743726859325,1.0822313563964647,0.5336663339591021,0.0,144.5923270149883
2025-01-09T23:06:19.504657,Versova,12.987947355455328,52.89651488815403,0.6256294480751504,1.577005854316612,0.0,122.60932676259193
2025-01-10T11:06:19.504657,Versova,11.54897423225729,33.420734896116585,0.8191065180954848,1.0028059835743524,1.2229750303228377,180.55042239936134
2025-01-10T23:06:19.504657,Juhu,19.638145000213427,53.26113067572365,0.9737870432914656,0.19209731559249169,11.606824956971252,366.46032323020654
2025-01-11T11:06:19.504657,Versova,11.238759957517248,59.943304485191625,0.5897504963401743,0.32131612273416577,0.0,198.85880373756453
2025-01-11T23:06:19.504657,Juhu,13.760034625590242,58.62012477483114,0.7265599274581097,0.1660354591629848,0.0,191.09055435121803
2025-01-12T11:06:19.504657,Bandra,10.91845734982833,41.294246822445835,0.7610537900799722,0.02392245993157399,12.24584437626143,310.2776836226416
2025-01-12T23:06:19.504657,Bandra,10.3275246449765,17.603940408418445,0.7735153854946236,4.405133163381326,25.797093376543184,373.05979928795955
2025-01-13T11:06:19.504657,Versova,9.683087924020574,7.6359920008971045,0.207758765499234,1.2892288188610754,3.899605860299014,214.04344700918858
2025-01-13T23:06:19.504657,Versova,7.130862319602763,56.26690925010048,0.4697662151489946,0.43849923481042075,0.0,89.46701742224658
2025-01-14T11:06:19.504657,Bandra,9.690080306824076,34.581723613266306,0.8616285788814408,1.0221186451568076,6.312912832601678,94.0640610286462
2025-01-14T23:06:19.504657,Versova,6.018793072285634,52.48113139695144,1.1683006977419876,5.1394966747073045,0.0,132.67289527980788
2025-01-15T11:06:19.504657,Bandra,17.839628512544294,5.9776305030228585,0.6113213326433923,0.8686321761051009,13.112102303923997,358.0358374097176
2025-01-15T23:06:19.504657,Versova,9.25512279665191,46.625536855340556,1.275039507615228,0.42705376148545415,0.0,167.76224839696366
2025-01-16T11:06:19.504657,Juhu,13.82741436272153,34.321817973664004,0.37785679213552514,0.1653653453224028,12.130976999791834,270.8894607596003
2025-01-16T23:06:19.504657,Juhu,11.290258947812577,37.0721232990439,0.9275536526824106,0.9377350583036828,3.3565798964889773,105.1162830969028
2025-01-17T11:06:19.504657,Bandra,12.074557014733932,29.28021078984101,0.4006301139326666,0.09172364057237763,0.8718640420643021,187.7326708090173
2025-01-17T23:06:19.504657,Bandra,10.347818927734089,61.26388813705795,0.9347032890256808,0.8546957159077911,0.0,28.750763898946232
2025-01-18T11:06:19.504657,Versova,15.65501194675614,62.728963940325194,0.11180709798992439,0.9887271669817362,3.7305893532063656,322.745792361782
2025-01-18T23:06:19.504657,Versova,13.705323018768464,56.991882265629876,0.647863081983023,0.5158049647422996,0.0,193.86839322745323
2025-01-19T11:06:19.504657,Juhu,9.304596054626888,46.746299480171274,0.964007481731394,2.69905191453092,0.0,256.6110437931909
2025-01-19T23:06:19.504657,Juhu,11.924919123764568,61.355325984005745,1.217062264705194,0.19217630845457928,5.578103063518622,62.398803855472266
2025-01-20T11:06:19.504657,Juhu,12.1918703607328,29.00922157534632,0.9054643876477667,0.6505361116404268,0.0,151.36063365350216
2025-01-20T23:06:19.504657,Versova,13.523273010934501,46.07976836891586,0.25927732775173495,0.7055069747772997,0.0,118.84004131416279
2025-01-21T11:06:19.504657,Juhu,11.567737332835154,11.871342696576988,1.1769309027035568,0.4885111882766816,0.0,155.171856996416
2025-01-21T23:06:19.504657,Bandra,12.446002371606335,38.25828057763921,0.6159792009377181,1.1781794699281833,0.0,156.02726149869704
2025-01-22T11:06:19.504657,Versova,9.81380495587679,30.339878734467177,0.5770129991105101,0.2494909016410767,4.906362214227146,106.8688734068593
2025-01-22T23:06:19.504657,Versova,8.868081480005225,40.82079025335939,0.7614477557432583,0.21644418206141358,9.893694382821312,128.14310242997232
2025-01-23T11:06:19.504657,Juhu,6.594058687259941,36.87595522756335,0.45130785308371474,3.3193116943690617,0.0,76.25436884431272
2025-01-23T23:06:19.504657,Bandra,10.361266655242552,52.83608010805093,0.35632652936776144,0.01219483024877762,1.8335991977915564,89.35965594437732
2025-01-24T11:06:19.504657,Versova,11.907183008533128,68.93143003328983,0.752441128091909,0.10323231608662382,0.0,141.397932050003
2025-01-24T23:06:19.504657,Juhu,5.091909031365851,36.10108479750657,0.5375538859771644,1.537194201894464,0.0,35.3352424528667
2025-01-25T11:06:19.504657,Bandra,15.11971406218823,51.50353593058128,0.7499827900739484,0.29176832020314414,5.881999349718571,255.38481762437982
2025-01-25T23:06:19.504657,Juhu,14.226286116027921,50.985851608129835,1.1905223868196395,0.0689772007819054,15.615111967268527,236.4167081700025
2025-01-26T11:06:19.504657,Bandra,12.18805619066062,32.91321856873377,0.7772547812545361,0.03876353983988091,7.930563806574291,271.2826154306862
2025-01-26T23:06:19.504657,Juhu,7.9586211314109105,25.56771922978697,1.1601241723833278,1.0828490176285033,0.0,78.3472157850415
2025-01-27T11:06:19.504657,Juhu,10.691839537050361,70.10396968906505,0.8565248024892286,0.07118759869502653,0.0,121.42147987379344
2025-01-27T23:06:19.504657,Versova,14.98814305741745,29.864098228610786,0.3734567999774469,0.23027801895590352,15.013336519554867,315.1747770537005
2025-01-28T11:06:19.504657,Versova,9.223137450676901,64.24398709190234,0.7841420137126099,0.38892589325553845,0.0,59.271449553506706
2025-01-28T23:06:19.504657,Versova,16.36685607024335,80.98543150037999,1.0237403753181211,1.0685058907480496,5.934291731936091,230.97149967500494
2025-01-29T11:06:19.504657,Versova,9.482370997982981,33.10447490888676,0.4156106979569436,0.565769226718731,20.56207129940322,225.95345021853103
2025-01-29T23:06:19.504657,Juhu,12.945121467544846,41.672333412833524,0.7862357654057244,0.012796416000686192,20.429845253512564,356.1535720843623
2025-01-30T11:06:19.504657,Bandra,10.919419216170157,87.578931114912,1.0066034071056278,0.2498255861685058,0.0,143.9890358805492
2025-01-30T23:06:19.504657,Bandra,15.374395933779574,29.01211847677129,0.8883574227361567,1.301759028345342,0.0,207.12608213072247
2025-01-31T11:06:19.504657,Juhu,9.953008110427518,44.73230768693922,0.9609250197185129,0.16331466684793014,0.0,31.62216424357878
2025-01-31T23:06:19.504657,Juhu,12.722259538465705,97.0336622836079,0.9696528936894633,1.1675936310968125,0.0,174.93769063573296
2025-02-01T11:06:19.504657,Juhu,14.700685976745707,42.23088032032452,0.43271052911319036,0.009375432164456157,8.284545156951065,196.3958150127702
2025-02-01T23:06:19.504657,Bandra,9.43346592606524,32.583095614347144,0.9016595471155228,0.372410863806967,8.16871780020408,218.37393782944204
2025-02-02T11:06:19.504657,Versova,13.751658883125938,34.70716901563706,0.4669329840471201,1.5315133748939875,0.0,173.41188320844105
2025-02-02T23:06:19.504657,Bandra,12.937475040771416,51.38666379386772,1.0321498230926838,1.4116723058516512,11.221750288016851,246.77896887074814
2025-02-03T11:06:19.504657,Juhu,15.665991362920506,79.53927702466811,0.6801091443156193,2.173275679463014,0.0,271.71806275017343
2025-02-03T23:06:19.504657,Versova,10.751417991809578,21.384358746993218,1.0941454998561717,0.7135738160063239,0.0,105.70040011035343
2025-02-04T11:06:19.504657,Bandra,12.910334252772135,82.22631194472788,1.3659843938268232,0.9250481327074117,10.240625258114624,271.10060122177885
2025-02-04T23:06:19.504657,Bandra,9.022971480375448,52.71768766168652,1.1202797902437471,4.015673342394719,8.4832950037633,223.88401895413284
2025-02-05T11:06:19.504657,Juhu,10.51872017291863,22.1662177173299,0.7419021622160846,0.3977838153323653,0.0,121.4514163700838
2025-02-05T23:06:19.504657,Versova,16.540349229726395,57.61623369109555,0.49274395270123855,1.0110887957798544,18.540925663341884,334.38643070346086
2025-02-06T11:06:19.504657,Versova,12.784988918089438,51.07560618981011,0.3869925378085755,3.894512956724497,5.117376690790052,171.06491960755324
2025-02-06T23:06:19.504657,Bandra,10.416669407262182,60.42877983831648,0.23121054760781334,2.824796036158523,1.7029836216239418,129.44605694751823
2025-02-07T11:06:19.504657,Versova,7.215890798199614,31.173652579664463,0.13291639070134087,0.6556702961330686,6.938557630079215,140.23572608847445
2025-02-07T23:06:19.504657,Versova,10.539728974472146,47.836703342858065,0.7177314928836407,2.5590664508808696,0.0,123.32169661042889
2025-02-08T11:06:19.504657,Versova,11.945049421671447,25.47249457433257,0.532263248192929,0.28366189629572724,0.0,163.1271778823449
2025-02-08T23:06:19.504657,Bandra,15.480665710755718,40.21406446401162,0.5846529841844834,1.9179325611536995,0.0,201.81089124684556
2025-02-09T11:06:19.504657,Versova,10.533055537712526,47.032885753790204,0.46069208255241717,0.5294914219185614,7.368438970924334,173.9252574736271
2025-02-09T23:06:19.504657,Juhu,13.053866428273626,78.79786913252579,1.1479373735867917,1.5498162193953857,0.0,159.17141091741712
2025-02-10T11:06:19.504657,Juhu,19.066740775704616,60.88529359243654,0.42371317304922523,0.22076841513427964,0.0,350.64428131705836
2025-02-10T23:06:19.504657,Bandra,10.177963203703635,77.58646673236052,0.8791683291362058,0.7876898171744608,0.0,176.67740076550885
2025-02-11T11:06:19.504657,Juhu,5.1475564275529795,52.589641143310146,1.3434514437780551,0.08525874546966827,0.0,0.0
2025-02-11T23:06:19.504657,Bandra,13.212771585040358,27.319690908815872,0.7397445565128141,1.980406731688779,0.0,250.08791756378469
2025-02-12T11:06:19.504657,Versova,11.21726320164861,72.94452845117526,0.8171039409113154,0.6147794951322301,0.0,97.7214555629318
2025-02-12T23:06:19.504657,Versova,15.485801440368288,29.632701053718556,0.3661615902319514,2.1023424012654877,0.9499375135630459,189.35026595347404
2025-02-13T11:06:19.504657,Juhu,7.310427573910029,52.34464598844427,1.2764132468208746,0.8041091658255245,0.0,56.898689462019384
2025-02-13T23:06:19.504657,Bandra,15.79373513201539,35.736702670570686,0.5589908611819188,0.5064707707271251,0.0,185.7006033552204
2025-02-14T11:06:19.504657,Juhu,9.3684443981349,47.26540821075529,0.36851660650479007,0.3384673668890539,3.6257081502648516,211.54043253781663
2025-02-14T23:06:19.504657,Juhu,15.148962533581035,17.38913309505181,0.0,0.8160386740373569,10.633748495709309,289.94166716092235
2025-02-15T11:06:19.504657,Juhu,8.644141996699322,39.68906323963152,0.945027646434381,4.105697122281739,0.0,104.07576640970072
2025-02-15T23:06:19.504657,Juhu,14.345397933938735,56.353735018691715,1.1010495360658594,3.434419488111305,0.0,146.3498584628558
2025-02-16T11:06:19.504657,Versova,15.427155431922376,50.30112089680624,0.78649195315134,1.102379371634689,0.0,212.0531169016244
2025-02-16T23:06:19.504657,Versova,13.169660458417185,29.552604313713996,0.6493690987703361,0.47646787951495745,5.586909660332754,229.3021792288353
2025-02-17T11:06:19.504657,Juhu,11.293753134260335,24.869148694407176,1.1419635683387137,0.6370842867894616,0.0,204.00895491143078
2025-02-17T23:06:19.504657,Versova,14.210273266323265,33.660780488935124,0.8209337640496394,0.28016366105364016,10.42019483162937,225.36726564267138
2025-02-18T11:06:19.504657,Versova,16.923139889186874,31.745724562741398,0.19109783967812544,1.3816106944838227,12.171585208254964,383.42421640482394
2025-02-18T23:06:19.504657,Bandra,14.387109425099226,57.373278749612986,0.656899286026112,0.0316099723682902,6.6645031671338915,201.66464900415792
2025-02-19T11:06:19.504657,Bandra,12.891928937042527,35.70765405403214,0.8603478967618519,0.1922281904591215,0.0,181.87752207896438
2025-02-19T23:06:19.504657,Versova,14.613891892371733,18.08040639506503,0.8379138738639236,0.3642905501889821,19.389289990582846,383.736605918888
2025-02-20T11:06:19.504657,Bandra,8.049753459533829,41.02521927966754,0.8900466754987177,1.647119168926834,8.592572249998405,190.88210265066442
2025-02-20T23:06:19.504657,Versova,9.101062842704602,48.00272232742769,0.2885364337603029,1.9992531918569643,0.0,10.575542771038243
2025-02-21T11:06:19.504657,Versova,14.542265031451265,43.04553893858162,1.2235128127794368,0.01816406120325061,0.0,171.22843889752173
2025-02-21T23:06:19.504657,Bandra,14.128355451417118,36.29027258860313,0.9539317394528248,1.4022688916121695,0.0,220.98474755261424
2025-02-22T11:06:19.504657,Bandra,10.419733702035028,52.345746268026815,1.3514551030385369,0.10151732152650952,0.0,110.7310188566088
2025-02-22T23:06:19.504657,Versova,13.966831194758674,75.5544723904753,0.6928692890576781,0.41613054726492815,7.943834179791774,295.164902913819
2025-02-23T11:06:19.504657,Juhu,12.344131854491906,12.47977816446894,0.6512424767789562,1.5566597423168493,18.60684445870539,347.7331415198024
2025-02-23T23:06:19.504657,Bandra,9.217940597428278,49.7673796546957,1.092559288934729,2.1117903707549415,5.010941699398453,193.92593128057854
2025-02-24T11:06:19.504657,Juhu,20.06260309709088,22.591546801767663,0.767018685388945,0.4167521170992629,0.0,225.08080283938455
2025-02-24T23:06:19.504657,Juhu,15.66540165755644,79.99162610544998,0.49567433684960016,0.7181855969024139,7.828702435813463,241.9022429551996
2025-02-25T11:06:19.504657,Versova,9.470260214051425,40.84737894035242,0.27500663773436107,4.125235585942795,0.0,56.83115439216712
2025-02-25T23:06:19.504657,Versova,9.772588242905854,18.599549775585885,0.6164692727284145,0.1508509105379972,0.0,107.01558211716235
2025-02-26T11:06:19.504657,Versova,5.7964358206920235,14.905592519379955,1.0280167891068808,0.23192269854925018,0.0,71.06025608800238
2025-02-26T23:06:19.504657,Juhu,10.545098887503087,60.508909415261854,0.08469299739311364,0.2465527131462082,0.0,102.3511832142809
2025-02-27T11:06:19.504657,Bandra,11.654481216690174,29.416966961434056,0.7417005363739015,0.959893976209954,0.0,104.8519516411574
2025-02-27T23:06:19.504657,Juhu,10.692508977235464,46.38588121097779,0.71193834735273,0.5989230793858005,1.1313423767997162,214.3838649152467
2025-02-28T11:06:19.504657,Juhu,9.8719491361918,60.440431240068456,1.2593971233738408,0.3701549898293989,0.0,127.65381518272605
2025-02-28T23:06:19.504657,Juhu,10.869014522498892,56.51559565332906,1.1229115985723541,1.086677333611818,5.923519211081734,192.91950378478668
2025-03-01T11:06:19.504657,Bandra,9.54414996118627,55.2384818205855,0.7495075298113792,1.1043466388409175,0.0,190.59815171575332
2025-03-01T23:06:19.504657,Bandra,12.166726679994479,95.93666562897288,0.7096234294019597,1.0157716017526308,0.0,161.57518265079037
2025-03-02T11:06:19.504657,Juhu,17.059917557413034,22.125475853586764,0.832567911732957,0.011775672614482025,0.0,172.49941761960505
2025-03-02T23:06:19.504657,Bandra,11.441632956743492,29.626273718599155,0.747608644457021,1.6967577145739385,0.0,137.35390301325415
2025-03-03T11:06:19.504657,Versova,10.056935922949707,81.80434269683983,0.5763579523813654,0.32210951998012927,10.005823180429783,168.80935366490317
2025-03-03T23:06:19.504657,Juhu,9.213060137032125,1.8779793725036669,1.2488021638151534,0.10410976222126808,4.572298748276889,134.0342753794924
2025-03-04T11:06:19.504657,Juhu,11.775267466034943,72.94159001466632,1.7261465450595215,0.18107634882121232,0.0,148.67915425030523
2025-03-04T23:06:19.504657,Versova,9.106787236164923,36.396867288163264,0.814873556145412,1.01308338299682,0.0,86.23846242004807
2025-03-05T11:06:19.504657,Versova,11.372334378766416,27.68973630447987,0.8625065887877839,1.8782294707834977,12.221233023730537,249.1876321034356
2025-03-05T23:06:19.504657,Versova,17.674163548651016,35.758079626972034,0.7862089976248565,0.027922962422925312,0.0,239.54378979611178
2025-03-06T11:06:19.504657,Versova,12.019266809432814,23.037090439383068,0.6914565982302298,0.023629077081200562,0.0,224.2817056238356
2025-03-06T23:06:19.504657,Juhu,12.138342318603133,43.9829495751785,0.3788730064842251,0.6424662877699764,0.0,155.15999788885847
2025-03-07T11:06:19.504657,Juhu,11.957405926765983,42.85395711991542,0.9343150777430833,0.4869657232099602,5.289579363925203,86.2922707983724
2025-03-07T23:06:19.504657,Juhu,19.898773310789554,8.887890541864671,0.6451273738972519,1.8235549190013713,0.0,301.01477084196165
2025-03-08T11:06:19.504657,Bandra,10.59769696852509,19.77090332689782,0.5404882320953022,3.3937467824296608,0.0,181.5366103403261
2025-03-08T23:06:19.504657,Versova,11.484411040610125,22.836709376183965,0.7384138725535697,0.513794694855752,23.3416358012704,382.162974121692
2025-03-09T11:06:19.504657,Versova,17.87504236266178,79.37700980809643,0.7138679922409252,0.16015014594778962,4.55061138938965,289.74478768032816
2025-03-09T23:06:19.504657,Juhu,12.76121898448372,54.35386343530867,1.1257358974818041,0.14001216907623093,0.9798315347089543,143.58518749501675
2025-03-10T11:06:19.504657,Versova,12.840364166908348,37.767094446286855,1.3903696828784406,0.035069053035069464,0.0,155.70350142552604
2025-03-10T23:06:19.504657,Juhu,6.680902595379356,70.23843001427983,0.5282803097412143,1.4346370292169555,0.0,99.36757875714738
2025-03-11T11:06:19.504657,Bandra,4.740764257764713,72.25347724734115,0.5505494171131711,2.2485947288015042,0.0,0.0
2025-03-11T23:06:19.504657,Versova,13.24409558619266,74.83839292690544,1.1497418057625157,2.235769839287117,0.0,199.7858323447906
2025-03-12T11:06:19.504657,Versova,3.1788340960071597,59.453920190452386,0.5412942880809667,1.4379936102924633,0.7900008361106242,105.63316493301528
2025-03-12T23:06:19.504657,Juhu,15.253581139485265,54.79881165600146,1.1642808951377837,0.7520018528212983,0.0,180.61656612457102
2025-03-13T11:06:19.504657,Bandra,10.930585087895007,32.17036809554095,0.9295767634021822,1.400100923604254,6.971028559082724,253.0584454756883
2025-03-13T23:06:19.504657,Bandra,13.04751762093557,58.42074025359612,0.7332374492256806,1.2842775807921054,0.0,211.0843171654343
2025-03-14T11:06:19.504657,Juhu,8.617730831560475,41.1790462010594,0.6354680984519031,0.11765590487807251,0.0,114.665734871763
2025-03-14T23:06:19.504657,Versova,16.36506366828949,45.06168253650054,0.7462368576123835,0.07569582405825248,0.8251269932318938,122.98226586717159
2025-03-15T11:06:19.504657,Juhu,9.711825664301358,62.45838373541574,0.6110284235844764,2.648292594543428,8.294748419317484,186.45005136023312
2025-03-15T23:06:19.504657,Juhu,15.45088807890418,50.59685321995217,0.3568015877281581,0.03424903778047453,2.57760882860111,185.87966170309335
2025-03-16T11:06:19.504657,Versova,7.851399068237326,344.6097568835835,0.8551548634261085,0.8815627605399604,0.0,108.07922731350031
2025-03-16T23:06:19.504657,Bandra,14.421367789911931,25.52907600591063,0.9429073308068658,0.8040809030749025,5.0547015916662685,159.73315664420474
2025-03-17T11:06:19.504657,Juhu,12.195804586027661,31.090615373567733,1.2671295621872622,0.17271680389513194,0.0,194.0073168653934
2025-03-17T23:06:19.504657,Juhu,10.1214299033353,45.30757962744212,1.086528913832443,0.06474080465882678,0.0,163.03577609669946
2025-03-18T11:06:19.504657,Bandra,9.398609352867298,48.698016338579535,0.484110476479908,2.014013279597309,8.585131534474971,199.10431530285427
2025-03-18T23:06:19.504657,Juhu,14.552693886503917,42.25256423201207,0.9171394549786669,0.09353024181236151,0.0,171.82259750805858
2025-03-19T11:06:19.504657,Bandra,17.945075419200087,28.151990349264064,0.9231427531683369,0.2933398927727322,0.0,226.78200160813535
2025-03-19T23:06:19.504657,Juhu,12.265972772884313,48.94631414811191,0.614704431369695,1.5224525761144807,0.0,132.89844494300445
2025-03-20T11:06:19.504657,Versova,12.419330909298706,356.495714442548,0.7909485000112596,2.008574328196753,0.0,155.99767885856582
2025-03-20T23:06:19.504657,Versova,11.14082437950967,51.548395433019756,0.15058572490687683,1.271730070239849,13.386217343904509,293.82747730016854
2025-03-21T11:06:19.504657,Bandra,11.023911364945755,39.53960478547961,0.9095376235949032,1.1326237783834447,0.0,178.84453817251773
2025-03-21T23:06:19.504657,Versova,13.116506044416285,33.25004370056514,0.6969766701236098,0.8655388155202154,19.646950479689085,369.0056312776297
2025-03-22T11:06:19.504657,Juhu,13.55159050361704,10.123037667342047,0.8357055218161924,1.8047245077470062,0.0,121.92523985171388
2025-03-22T23:06:19.504657,Bandra,9.422736172907792,68.9067223600563,0.7235300465394623,1.2904624967439629,4.436139226821785,225.60808631791397
2025-03-23T11:06:19.504657,Versova,10.34726645233544,59.30762630882488,1.0154557177123804,0.7366729262027566,0.0,137.46230026880062
2025-03-23T23:06:19.504657,Bandra,6.336525482248942,30.497338129672777,1.173216168758656,0.2526539635645089,0.0,125.08697341086398
2025-03-24T11:06:19.504657,Juhu,17.75700267965582,56.82043113119752,1.3973757804930564,2.114075346322892,5.19864852012269,362.4237494576243
2025-03-24T23:06:19.504657,Versova,7.342867615244816,60.77926710468795,0.658442121669961,2.297152004446384,0.0,115.20365129491807
2025-03-25T11:06:19.504657,Bandra,12.449795010190174,78.42965782364185,0.7677322604423276,0.6420925886156549,0.2088648829596179,165.8139674149715
2025-03-25T23:06:19.504657,Juhu,16.410962316109458,51.50863517072595,0.9987443180493547,0.966885773867945,0.0,144.9089076358421
2025-03-26T11:06:19.504657,Juhu,9.18178264859845,54.9644349699357,1.1420447115563799,0.49129379477778085,0.0,155.0659624808577
2025-03-26T23:06:19.504657,Versova,11.545760309669149,53.32922889512281,0.8903133428823355,0.06254469792897407,17.450164299877883,334.18897581562067
2025-03-27T11:06:19.504657,Juhu,15.341845899646984,23.21839767704391,0.7532535577012692,3.168518343315222,0.0,209.18177145712616
2025-03-27T23:06:19.504657,Versova,13.963962488724023,48.69305551809202,0.8845205191488122,0.19882654025665134,15.683392760301246,408.47619913404185
2025-03-28T11:06:19.504657,Versova,7.329709962363827,16.5208569509971,0.7200043012296756,0.051271219536126844,4.478617477517938,142.59651803188615
2025-03-28T23:06:19.504657,Juhu,12.857755981427948,28.620066196826464,0.022836208063982677,3.0580337505581805,0.0,94.09860256724853
2025-03-29T11:06:19.504657,Bandra,12.36344070554969,85.48619246573705,0.39104779862215694,0.07588970221384388,1.6274441484639592,163.82924279466957
2025-03-29T23:06:19.504657,Versova,9.53270526823541,71.33917673373408,0.5490116212128107,3.055414254749564,15.832255296925064,251.71586663630924
2025-03-30T11:06:19.504657,Bandra,13.205477562102006,81.08696219573486,0.7427288624818105,0.2841420999797959,13.924721629425727,330.04836967173134
2025-03-30T23:06:19.504657,Juhu,12.91804319405369,66.09332624086372,0.9390329217082457,0.4731855532830355,5.465226309720394,269.4537782067648
2025-03-31T11:06:19.504657,Juhu,12.699617891955622,31.08657244303596,0.4747425826933026,1.8841517017541254,0.0,175.1100846948405
2025-03-31T23:06:19.504657,Versova,10.328159098911899,15.863242612133547,1.8487633368800298,0.6569104154853704,0.0,90.66876951181658
2025-04-01T11:06:19.504657,Bandra,12.725809108420716,7.669200972787678,1.1022541069510767,1.5490443095770987,4.064774772384181,113.99235365771368
2025-04-01T23:06:19.504657,Juhu,15.378600261567422,39.526078075352316,0.9461493320660576,0.2596706277868041,6.575244134851105,184.17070551174115
2025-04-02T11:06:19.504657,Juhu,14.125263128683747,54.835926631761595,1.3106165462047779,0.5577457423852545,9.262443215248913,222.71287028955712
2025-04-02T23:06:19.504657,Juhu,14.33782166218249,39.188497938052755,1.2233152703177672,0.6469045124116817,0.0,102.72959800567033
2025-04-03T11:06:19.504657,Bandra,11.963733156461837,27.799732768429205,0.49099562724106766,0.9009157372144622,0.9217950963648716,139.61581972140772
2025-04-03T23:06:19.504657,Versova,4.187358430118597,48.97896293592989,0.9310215655200529,0.4037531240628876,4.042947549616977,136.4630116156699
2025-04-04T11:06:19.504657,Juhu,14.221772604309141,46.26358455113033,1.1931154106509914,0.6223041744040176,0.0,207.0810953973129
2025-04-04T23:06:19.504657,Bandra,14.070710401140818,353.832632334858,0.580545978831101,0.3623230247239586,0.0,204.6288040851348
2025-04-05T11:06:19.504657,Juhu,8.55361789452403,74.6542958834483,0.6556779327846548,0.9406628631949463,0.0,61.1704594618266
2025-04-05T23:06:19.504657,Bandra,14.350171527847786,39.969222279110085,0.6207469415925075,0.893155023299958,14.223698616985077,260.5361256193758
2025-04-06T11:06:19.504657,Juhu,12.685729582553693,47.665144677225555,0.275233987096937,0.31313218655954966,0.0,268.81419805770065
2025-04-06T23:06:19.504657,Juhu,7.234606378747325,60.858697069862146,1.0911180169540553,0.10815994603859408,8.033650488211627,251.40865467005213
2025-04-07T11:06:19.504657,Bandra,21.329755668016084,66.63884119481699,1.0986597407249243,0.6193692442292759,2.300707591914021,302.34672942722125
2025-04-07T23:06:19.504657,Juhu,10.74666060770466,63.84476302994723,0.6895324174276727,1.0940612431192316,0.0,171.29889027109328
2025-04-08T11:06:19.504657,Versova,15.423398194593753,44.88807962341907,1.000622496677754,0.47887116568217086,4.541831671898381,197.0731251607434
2025-04-08T23:06:19.504657,Versova,12.768164592849779,38.5352407095582,1.1226180336938232,0.10260246218739598,3.6311934167135727,185.4765560241319
2025-04-09T11:06:19.504657,Versova,20.770066851957264,55.013314427624195,0.814932106154288,0.05305138804256164,18.192231832997212,397.0407336884122
2025-04-09T23:06:19.504657,Juhu,13.26163532768436,38.94088924031365,0.9740159745344427,0.9809070856011523,10.110764575510782,293.3046634262363
2025-04-10T11:06:19.504657,Bandra,10.31719435732876,32.0121661251251,1.031628436692587,0.9804935749765662,12.119439853864005,238.7268455554328
2025-04-10T23:06:19.504657,Juhu,7.963545491243333,58.64119017153601,0.682305569379829,0.019994217162545586,0.0,34.31874025504325
2025-04-11T11:06:19.504657,Juhu,10.696064730629416,42.75505066096682,1.0108861375720604,2.1036071684272875,0.0,168.73455698751857
2025-04-11T23:06:19.504657,Juhu,10.392595610843106,10.852840848141064,0.46504266801540234,0.05824970382389809,12.358116200069386,250.92016362442374
2025-04-12T11:06:19.504657,Juhu,11.539547163132431,59.01851430874206,1.0565460096446069,0.12351425384797121,6.714806010069174,225.88172451154975
2025-04-12T23:06:19.504657,Juhu,11.11720538461933,34.439260042940894,0.6478773153429483,3.930632133279656,0.0,154.69947505240955
2025-04-13T11:06:19.504657,Juhu,9.724513995899791,47.26192275640475,0.5182019786402181,3.861211411492075,0.0,147.96676502813193
2025-04-13T23:06:19.504657,Versova,12.288782329210147,16.122208450721732,0.852102993841558,0.7273038112375607,0.0,188.23940509605578
2025-04-14T11:06:19.504657,Bandra,16.094396429227004,28.65196377822558,0.9307024732717735,0.9047566589181971,0.0,161.50215396352192
2025-04-14T23:06:19.504657,Versova,16.495747716035606,69.95513668152431,1.1569734191723504,0.9416275581918198,10.136757405438635,227.62392931467474
2025-04-15T11:06:19.504657,Juhu,9.24749153695721,40.701792896998434,0.8830380347975866,0.885727267264709,10.473177066214483,257.6634509309146
2025-04-15T23:06:19.504657,Versova,12.131339288141668,39.883177261938165,0.7018645410233564,3.1601592595005434,0.0,217.59453574872788
2025-04-16T11:06:19.504657,Versova,10.997768307060179,28.372010654650932,1.0092759801041535,1.093608377851567,16.99632416644247,272.72604993720637
2025-04-16T23:06:19.504657,Versova,12.675923766122825,37.60946142333283,0.7605582212984997,0.29936558249531925,8.260471714415063,303.5648333369013
2025-04-17T11:06:19.504657,Juhu,10.522661777008446,84.3068292344417,0.9619340776975871,1.206869114122857,5.871376842128475,122.85362014436612
2025-04-17T23:06:19.504657,Bandra,13.07754914757624,56.358834861502636,0.5904185493211838,0.28443371445712246,0.0,154.99384384073272
2025-04-18T11:06:19.504657,Versova,9.852720032667744,54.206597463596275,0.3951353455476892,0.9033824401972969,0.0,66.17887202981896
2025-04-18T23:06:19.504657,Bandra,13.499055330908801,54.44004541838549,0.8227865803748262,0.22349613579934705,7.4268241835972235,293.37175876776143
2025-04-19T11:06:19.504657,Juhu,14.044018509556826,29.73427791642837,0.8113813506342806,0.46380359075629446,1.53831916078257,221.47716176030374
2025-04-19T23:06:19.504657,Versova,14.560159329987247,37.22342293382852,1.0997989133719261,1.015984728962617,0.0,179.69351294326574
2025-04-20T11:06:19.504657,Bandra,15.816176947019649,55.766480447938534,0.8552743741832308,0.06614658309229908,0.0,233.10425062868737
2025-04-20T23:06:19.504657,Versova,8.125466696712586,53.54194633583335,0.3006170794898701,0.6339834692009931,16.261427987831112,279.71314195247606
2025-04-21T11:06:19.504657,Bandra,8.980460121871259,19.86986211441487,1.0439615560243931,0.17374912039518328,5.42704397976724,100.10762941322491
2025-04-21T23:06:19.504657,Versova,14.42667876031803,55.92927528295325,1.20782342598842,0.007996290027965754,0.0,167.95391886273006
2025-04-22T11:06:19.504657,Bandra,14.339266488866462,2.1039459489952463,0.9598499902390402,0.4366294487848321,4.818660617184915,240.16686991669937
2025-04-22T23:06:19.504657,Juhu,13.84710218808766,33.69652736788042,0.970723777860693,0.46763871091034054,12.325248831179065,222.0730545496524
2025-04-23T11:06:19.504657,Versova,9.698138729324402,40.404007388496126,0.544578069721906,0.8060274314681737,0.0,121.12440490144152
2025-04-23T23:06:19.504657,Versova,12.852973348557695,49.356637590244304,0.6470424386707151,0.5353165340949845,0.0,40.830742518171476
2025-04-24T11:06:19.504657,Juhu,8.802900847933675,40.55590674154198,0.07715770363451291,0.5614324733411623,6.195664721781072,178.54382347961314
2025-04-24T23:06:19.504657,Juhu,12.336314840473552,79.89278346517364,0.7156941058185243,0.4373758746010938,4.249661162475452,173.3690942372732
2025-04-25T11:06:19.504657,Versova,11.074551634632542,31.612278944577305,0.493878630850329,0.1826388921204855,0.0,88.85225915483156
2025-04-25T23:06:19.504657,Juhu,15.064149886288195,86.7688554573985,0.3242050063286126,0.7784981270198164,0.0,238.9586240866973
2025-04-26T11:06:19.504657,Bandra,15.165656553993127,32.64215062535239,0.48146568381198424,0.7911685936563218,0.0,188.77514420680765
2025-04-26T23:06:19.504657,Juhu,12.755510251870856,26.662306165628763,0.6992807015240835,0.15413297226742526,0.0,104.04601814427593
2025-04-27T11:06:19.504657,Bandra,13.953408725470972,59.98179688506139,1.1326365147426096,1.4827467667604255,10.276945935014785,273.08156529453936
2025-04-27T23:06:19.504657,Juhu,19.862379273089925,22.76065948451673,1.2392531716257313,0.2920547969219945,9.96858773465808,381.7824309400066
2025-04-28T11:06:19.504657,Juhu,12.396062767852671,39.6619289167747,0.9010247146642365,0.13626245114395844,2.662837304486303,80.29941312372966
2025-04-28T23:06:19.504657,Bandra,13.001183590685619,39.047780757666104,0.7729625777026967,0.07871828968795785,10.233855816274012,300.1505478010663
2025-04-29T11:06:19.504657,Bandra,10.62809503473963,27.0590713870949,0.5980859464618964,0.042892291220461856,0.0,123.39166943482041
2025-04-29T23:06:19.504657,Bandra,12.574617898334491,33.80515052809036,0.7418151798672039,1.628694869122148,0.0,65.21125382353091
2025-04-30T11:06:19.504657,Bandra,13.859134337898409,48.020245811156386,0.7150197473481599,0.9375371874830156,0.0,243.85122926902432
2025-04-30T23:06:19.504657,Bandra,15.868190590290073,64.36012949881267,0.7373137534327958,0.005327642385473203,21.101355820856227,389.1954913403536
2025-05-01T11:06:19.504657,Versova,14.005021466154243,47.07877668297798,0.6262842356158238,0.5552495447092722,12.065519362367748,404.866020195377
2025-05-01T23:06:19.504657,Juhu,12.251479883788083,73.20918290407008,0.9229288387878493,0.9688316069352844,0.0,115.82993304853593
2025-05-02T11:06:19.504657,Juhu,13.58649390543906,22.01690231520405,0.317056563890994,0.1727818532342806,6.392695378569174,141.73300761518524
2025-05-02T23:06:19.504657,Versova,14.352382772594101,51.21182517745405,1.3593875170469238,0.17016777335054287,11.09929595880336,352.33911729496435
2025-05-03T11:06:19.504657,Versova,11.34586231382288,72.38775345192589,0.27182642172751914,0.2050246680267403,10.339251430855578,234.15672457501546
2025-05-03T23:06:19.504657,Versova,12.04685500184881,63.04554347573294,0.527673145955924,1.7250224411216057,15.192839236417688,330.14697045099274
2025-05-04T11:06:19.504657,Juhu,13.790348339024929,23.16132199209374,1.0670742502509527,2.798004659351054,0.0,234.72723985519988
2025-05-04T23:06:19.504657,Bandra,11.561890182774604,70.80753502516451,1.0694845568084121,1.735950541730374,0.0,139.5970833601785
2025-05-05T11:06:19.504657,Versova,15.924947492674306,26.011513465484718,1.2304204938993033,0.5662435996412856,3.496500472996937,143.66245312617087
2025-05-05T23:06:19.504657,Bandra,8.293968548561985,68.29330417003143,1.001222283785061,5.561677236148372,0.0,144.08891021769156
2025-05-06T11:06:19.504657,Juhu,12.948467871548335,56.83969370249106,1.0685026004180362,3.419267289291248,24.494597989581003,309.61957197552084
2025-05-06T23:06:19.504657,Bandra,12.516552276720471,43.64170524874934,0.7427547783636965,0.08362321035679512,0.0,99.03001438260407
2025-05-07T11:06:19.504657,Versova,15.340081517831816,52.73617041378405,1.1272941275557902,0.8287271860742521,9.667604626089467,282.0941207843406
2025-05-07T23:06:19.504657,Bandra,10.002439775298228,41.61697648513359,1.2038188930191354,1.1273988676985796,7.990882121882389,201.28068743827626
2025-05-08T11:06:19.504657,Juhu,8.784075251177462,38.71187976892807,1.0874865289115005,0.46439688630046855,15.169467897086449,296.643426285385
2025-05-08T23:06:19.504657,Bandra,15.355372934543631,55.98631289116457,1.0075429465501187,0.05482372639196746,15.973727899525148,410.03628873019886
2025-05-09T11:06:19.504657,Versova,10.48275988721419,49.041092320512924,0.99571661487307,0.055925848666563645,1.7777892292988091,142.99890271664214
2025-05-09T23:06:19.504657,Bandra,9.772547302384847,35.29388329264263,1.1692623539464204,0.19766589364657372,16.850142787085094,233.1748336981859
2025-05-10T11:06:19.504657,Versova,17.45984655164901,57.747439551755875,0.7799352384628587,0.06251912971086201,0.0,146.43004389917365
2025-05-10T23:06:19.504657,Versova,13.768828640076082,50.33824152978788,0.9315986619053254,2.133818658821524,1.344728420629131,245.86149072306094
2025-05-11T11:06:19.504657,Juhu,12.899323691164694,48.02220874569615,1.029582931509428,0.8985494937326826,0.0,151.742746184305
2025-05-11T23:06:19.504657,Juhu,9.577693795591156,42.01989601272269,1.0794713806043195,2.1448535451518143,2.612666841318994,90.02716125652859
2025-05-12T11:06:19.504657,Juhu,13.868133671700805,69.25641970063732,0.6489693322516401,2.159206160007426,0.0,161.3151565387037
2025-05-12T23:06:19.504657,Bandra,12.759495714113944,61.406880252249124,0.7899162305888862,1.8798560713286727,4.547409121411344,189.7714520396806
2025-05-13T11:06:19.504657,Versova,10.546113707988107,4.69588023289171,0.42457583825473205,1.106569692480761,0.0,164.90408548972567
2025-05-13T23:06:19.504657,Bandra,10.00114739847028,41.44612045773199,0.6021193194442301,0.6331951821699681,0.0,98.62205733538796
2025-05-14T11:06:19.504657,Versova,11.145373519890988,10.955734678399772,0.6611552940981467,1.6009401073184701,0.0,89.64696216312905
2025-05-14T23:06:19.504657,Versova,7.755072384371855,19.002114414073503,1.0553207642061841,0.16958011130072004,15.005713689626685,289.5552786862654
2025-05-15T11:06:19.504657,Bandra,11.652323815916603,47.328764813267874,0.7696883669354232,0.5829421037096644,0.0,152.20419530484395
2025-05-15T23:06:19.504657,Bandra,11.64970225261426,32.288843171911935,1.3216554055559993,0.8539912195648273,0.0,200.54006259639257
2025-05-16T11:06:19.504657,Juhu,14.045072069711415,48.47922299371416,0.4882779300824657,1.448852247960724,0.0,275.14167460984584
2025-05-16T23:06:19.504657,Bandra,2.025732840266711,15.621530726596127,0.6726653890572556,1.9646473223044423,10.358252384175684,31.804470426792264
2025-05-17T11:06:19.504657,Versova,9.226602035611336,35.168776828038304,0.9034835004638856,0.21867755856222415,19.04136589573007,345.44148515409086
2025-05-17T23:06:19.504657,Bandra,11.208763836454185,65.05301825975656,0.5365189778979902,0.1411645526855122,9.619566195553785,201.32976754099948
2025-05-18T11:06:19.504657,Bandra,12.68913305040689,32.84249478648364,0.6382631890553064,1.747040160103516,3.803814482163112,181.89324733053763
2025-05-18T23:06:19.504657,Bandra,8.68541162081244,49.410828540277336,1.1653877456916675,0.4579023123486684,0.0,112.32310521532011
2025-05-19T11:06:19.504657,Bandra,9.46530463976858,7.953458019684788,1.0506302264647596,4.467292452005864,24.793894187099113,447.6302811889563
2025-05-19T23:06:19.504657,Juhu,12.888554414193042,52.50433914314325,1.206205742711457,0.16493191773662982,6.888909324916298,106.24723622822661
2025-05-20T11:06:19.504657,Bandra,10.246146808028401,25.004943978237367,0.5649433447593853,2.966230622813421,1.4209224562034495,177.88735754330295
2025-05-20T23:06:19.504657,Versova,12.87657818497912,41.253419631872504,0.12853063000250842,1.4295177469038651,0.0,159.42936791613886
2025-05-21T11:06:19.504657,Versova,8.358174881527852,82.74671797788831,0.8358507563794046,2.7360190079809104,14.615262062765034,187.2926061606943
2025-05-21T23:06:19.504657,Bandra,10.201900518479043,22.799928562281465,1.52301459482214,2.414698549791932,2.214916232783944,177.62906081670923
2025-05-22T11:06:19.504657,Juhu,23.778713119308982,16.488133690437937,1.0438742734692414,1.9172002189592792,6.492287903050983,384.7385351997815
2025-05-22T23:06:19.504657,Bandra,10.714964280882414,4.061306265544005,0.8393570271031651,0.20965875625184804,0.8642851707843523,147.78458732040497
2025-05-23T11:06:19.504657,Versova,13.456393573940225,35.99974284008373,1.1771447650587719,1.3893777065919564,3.250141362565419,172.11260860977828
2025-05-23T23:06:19.504657,Bandra,14.056523216370612,81.97217666592823,0.7473308163502353,0.06845571810228017,6.686548047579066,299.20568861920003
2025-05-24T11:06:19.504657,Versova,12.413533514642351,11.530304006477706,0.6029945629669667,0.4037748937465554,12.08450508018153,332.7986675863571
2025-05-24T23:06:19.504657,Versova,8.4832186413255,67.93758398503799,0.8994024940338022,0.3249889739966056,5.334008512375618,189.89797629138366
2025-05-25T11:06:19.504657,Versova,16.418012027252946,31.71551637293551,1.0644799237934626,0.15344870600815938,8.502053671312348,243.0767701633259
2025-05-25T23:06:19.504657,Versova,14.989711531738342,35.670092415436045,0.9921439385602472,0.06380115113017133,0.0,125.42549898604912
2025-05-26T11:06:19.504657,Versova,12.895175539698913,61.980218265531065,0.7684289095756198,0.20997244476765933,2.6429782197543346,213.19576809191915
2025-05-26T23:06:19.504657,Bandra,10.333373515273694,27.566438423262294,0.7412964323369144,2.002203539754236,14.787236094678915,294.2890659228471
2025-05-27T11:06:19.504657,Versova,9.09350510535974,39.596800152346724,0.9781780203267934,1.174594642150482,0.0,84.56554831308429
2025-05-27T23:06:19.504657,Juhu,12.436037408251904,57.328728450434724,0.8679525949016034,0.1903654861917285,2.550533488895766,119.07884324625059
2025-05-28T11:06:19.504657,Juhu,11.885577935927047,6.7549004916044595,0.7794097861743594,0.906543281100516,0.0,135.2427430209486
2025-05-28T23:06:19.504657,Bandra,7.191971565424217,20.688040080915037,0.8129249024073157,0.1118853515976686,0.0,90.20382970194923
2025-05-29T11:06:19.504657,Juhu,15.230768475878552,72.85090507451915,0.18526283406392008,2.8587424650657547,0.0,181.7344616791789
2025-05-29T23:06:19.504657,Bandra,9.805372291141028,40.03283947175752,0.37262490808067245,2.26046438887627,4.4278552532185245,199.2261769254141
2025-05-30T11:06:19.504657,Bandra,14.96722263208643,53.46683897217151,1.4242297712117566,0.10899489967668832,2.577525401427507,138.68382052075947
2025-05-30T23:06:19.504657,Versova,7.298012539426416,52.56694391214528,1.2104389423126602,0.03229437941125136,0.0,52.84393393937889
2025-05-31T11:06:19.504657,Bandra,14.271800800606215,36.72788933156711,1.366306297202057,0.25685756803615134,0.0,205.2055529764708
2025-05-31T23:06:19.504657,Juhu,13.933518825821427,51.11744110192056,0.7240009006535162,2.2622513571021687,1.4664128429746237,165.82519889831335
2025-06-01T11:06:19.504657,Versova,27.100589991259863,203.43875700072573,1.3089989714982864,0.8849066172868149,6.366066896545515,238.9523682483881
2025-06-01T23:06:19.504657,Bandra,18.5511720911747,230.339739710553,1.5688209743494304,14.349956990567536,17.751587013602524,400.65081953546735
2025-06-02T11:06:19.504657,Versova,29.484872193102373,222.15984773940946,1.2723443606887086,9.205050095267358,37.822748495116414,722.8392867995981
2025-06-02T23:06:19.504657,Bandra,27.26754356277234,205.3541193149064,1.5176952664768792,12.544007765248352,27.821283724136272,605.7607877972396
2025-06-03T11:06:19.504657,Bandra,21.467197105832636,256.00499345544335,1.5209106944195467,0.4503960467682129,51.978644111223545,742.9776617617645
2025-06-03T23:06:19.504657,Juhu,30.79537032477949,218.27490522637856,1.6276469799720692,4.675393802152782,50.123945127685715,770.6521305986995
2025-06-04T11:06:19.504657,Bandra,23.556023486502568,271.6657864329957,2.0865690092723335,3.2586798209096175,40.03607946610044,572.149989933636
2025-06-04T23:06:19.504657,Versova,22.80870441310719,214.23681997586544,2.0553497825840124,1.0062624529338822,27.275206756114,453.0908967316849
2025-06-05T11:06:19.504657,Versova,19.426080476417425,229.50528234495098,1.7078168265350577,9.937676730375314,44.19028425139129,608.244226611352
2025-06-05T23:06:19.504657,Versova,19.168810530703468,182.68316869533547,1.590693391544293,0.0809175345419748,9.322971695427608,317.7270015916222
2025-06-06T11:06:19.504657,Versova,23.139558792735226,238.09353234964627,1.3580204859500853,6.616883834996436,19.775881069079894,476.14557006570203
2025-06-06T23:06:19.504657,Versova,23.87171648390966,223.28783821057507,1.952290067674105,4.243514858571407,25.814424324704515,566.2797999003516
2025-06-07T11:06:19.504657,Juhu,27.917721515059437,218.7926724361586,1.2093211955254253,9.658577648374127,49.83332843841228,769.8872513590576
2025-06-07T23:06:19.504657,Bandra,33.2474044716196,246.41221119958374,1.2811192590577771,27.89202505589033,64.55321005960332,1077.0297454449396
2025-06-08T11:06:19.504657,Bandra,19.24065807706613,222.90573482749323,0.6889559610715285,24.88216700377048,21.65617048254268,545.5281884750719
2025-06-08T23:06:19.504657,Bandra,26.944893646760917,230.02947217881024,1.4417192604064442,1.0563340146874665,33.74186982287925,541.9218998237575
2025-06-09T11:06:19.504657,Versova,26.721778846439783,237.7247475075785,1.346791419073751,29.61360563028505,34.40075940455442,699.1885818680697
2025-06-09T23:06:19.504657,Versova,22.03048413989849,222.87557012315978,1.5250443376559553,4.990537003688611,24.77970487171754,491.19015988743234
2025-06-10T11:06:19.504657,Bandra,22.9425342771891,211.17251005172128,1.8135403645152808,2.848505632647416,14.043348210326469,472.5220952516891
2025-06-10T23:06:19.504657,Bandra,37.14572161006077,251.00626384271186,1.332080426357968,7.19867168589165,74.0708489984288,1016.2121851548056
2025-06-11T11:06:19.504657,Juhu,23.45546234197116,210.84748210355949,1.2863478407471869,16.999388921743535,4.199178717442134,369.5547735769909
2025-06-11T23:06:19.504657,Juhu,10.465058903391792,217.50355886756387,1.1884368537468082,7.548961814804645,0.0,175.93388343850353
2025-06-12T11:06:19.504657,Versova,19.069653843002932,212.8699322356852,1.6367712585512109,1.616363423177122,12.635862824848928,270.72539582546386
2025-06-12T23:06:19.504657,Versova,24.608807038283675,223.21753740933534,1.5941297769925162,4.117837274302005,45.80966120234545,651.1989434318764
2025-06-13T11:06:19.504657,Bandra,28.724492246968463,235.4679003380403,1.4023237928540635,22.603875099891226,37.30480494797631,718.5299601792364
2025-06-13T23:06:19.504657,Versova,29.312167047776786,231.81016185484046,1.368424286794597,7.887380677014347,49.62708220553199,811.590901864447
2025-06-14T11:06:19.504657,Juhu,35.40634814383361,201.06422707147377,1.7681093068167333,0.8471906250393826,31.50332867142306,736.9104250916414
2025-06-14T23:06:19.504657,Versova,36.32856345247846,227.3272690273192,0.9945897918042523,9.643578597299904,32.77325283077303,746.7988874723735
2025-06-15T11:06:19.504657,Bandra,35.51865958908155,223.8694023324064,1.3851843623524327,3.270302592180325,54.7859519460396,1002.3271757457595
2025-06-15T23:06:19.504657,Bandra,20.669022006532842,160.21124550119862,1.6657702171971032,15.183153812678025,0.0,346.95682631729056
2025-06-16T11:06:19.504657,Versova,31.54572193458798,243.00797176790127,1.6353675957955525,3.920495662842343,65.2351065163247,1004.4541014471716
2025-06-16T23:06:19.504657,Juhu,28.418362107084587,223.89105275772414,1.8481480612182029,10.562293301078082,26.71623363478579,645.6327692385413
2025-06-17T11:06:19.504657,Versova,18.700092607808422,246.45773485985788,1.5976310578301431,0.46040609957652556,25.818696619798104,495.73366001480184
2025-06-17T23:06:19.504657,Bandra,17.02835753359271,258.87132939056585,1.8585662014565143,18.452593743286304,38.19834215736401,678.6583367958634
2025-06-18T11:06:19.504657,Juhu,24.523573264274976,199.39088857995065,1.5568439463663242,3.508803783889429,18.475304659339052,463.4865746596156
2025-06-18T23:06:19.504657,Versova,26.92716285870631,250.63318433567798,1.7150396393968501,18.314592948871727,29.739351291403388,665.7921830568356
2025-06-19T11:06:19.504657,Juhu,23.36473720622952,203.64730298798045,1.416129508720037,12.542800359175763,21.033410253512564,418.4630577288192
2025-06-19T23:06:19.504657,Juhu,25.556383840266378,228.0486953374837,1.8546702086814946,29.17376724309139,49.620232455007624,805.4538851056499
2025-06-20T11:06:19.504657,Juhu,21.438896181754746,249.25216474840914,2.020449567368168,0.16376814174340518,31.050963528555243,565.1311453815881
2025-06-20T23:06:19.504657,Bandra,26.011445281931444,220.1759450039971,1.4778462218506352,6.910915286882932,41.527644522071924,713.0448801726026
2025-06-21T11:06:19.504657,Versova,23.426681913266094,242.62815057847143,1.7163406087636746,1.2581112477879057,28.63262963232227,478.57896645641705
2025-06-21T23:06:19.504657,Bandra,25.615530422938047,243.48668565983564,1.3668793455418529,10.974165882399827,57.79234484631688,802.7779798218787
2025-06-22T11:06:19.504657,Juhu,12.960658365365571,223.68970981882535,1.5983583422252328,0.9173141105738641,0.0,140.38313032733618
2025-06-22T23:06:19.504657,Bandra,20.911422621349345,192.34794508625353,1.8617868053713627,3.7868604145736358,20.36226019886572,449.69709893428177
2025-06-23T11:06:19.504657,Bandra,20.310372117318007,209.21716743214796,1.6036840249156106,8.501352057836943,27.636000264992838,476.0891824785265
2025-06-23T23:06:19.504657,Juhu,33.80594062433687,224.9937265477645,1.1454377623737597,0.2602538633000231,52.298323859202554,802.3817006240752
2025-06-24T11:06:19.504657,Bandra,16.309441802273067,212.29545066941597,1.711266686845325,2.5622629622002755,29.817917754904116,581.2852455986766
2025-06-24T23:06:19.504657,Bandra,37.77343162951058,212.1561069493146,1.2440090079521,0.5871753758696237,41.060988421145225,794.5115367538323
2025-06-25T11:06:19.504657,Versova,20.47965855132,232.60396738306787,1.4461180506641473,7.406855439977824,25.80115943705499,412.93557858636575
2025-06-25T23:06:19.504657,Bandra,20.171074899305275,233.53653949532023,1.5115775588196843,1.4582183193432692,36.55643223915472,592.3305565309229
2025-06-26T11:06:19.504657,Versova,28.745219722630196,225.93801131380422,1.709095656702917,13.182187775103948,36.16233718610805,743.7060594782262
2025-06-26T23:06:19.504657,Versova,28.13416828514065,228.729759079339,1.1429402915713465,4.620743875650612,53.1652345052227,857.7422510034016
2025-06-27T11:06:19.504657,Versova,26.247922808945845,233.56633384750475,1.523146948865315,4.745567208171341,40.42141473078283,637.3565107016336
2025-06-27T23:06:19.504657,Versova,27.290840573943495,205.40557550566388,1.1540002790382764,1.2233282094473483,6.543355072430348,375.2870785485379
2025-06-28T11:06:19.504657,Juhu,29.799783372168726,255.26689004278938,1.944454737852475,6.114622329376271,47.92900780564383,659.4548058050669
2025-06-28T23:06:19.504657,Juhu,25.86263391461545,235.21725978296635,2.2333748257747517,8.716440147501633,37.06023016530833,566.282714329226
2025-06-29T11:06:19.504657,Juhu,19.8798570455681,234.65388103232308,1.2217463419423789,0.38830541903276006,47.43739104546064,665.4157480597208
2025-06-29T23:06:19.504657,Juhu,24.393373603458176,216.84899959659043,1.2433298290730161,7.5495948205927625,18.97844319319099,526.3317222903141
2025-06-30T11:06:19.504657,Juhu,33.467753953576775,193.46007035618004,1.2591526668147472,1.5486530162962842,13.363535677784848,458.7960174358879
2025-06-30T23:06:19.504657,Bandra,27.527946209179373,254.7822621665658,2.181434923626839,17.640639909354242,49.08139866627205,775.853255211138
2025-07-01T11:06:19.504657,Versova,29.4932422934245,201.6454662477948,1.8534684278647686,44.02191718143146,11.926665934489034,588.5015554612796
2025-07-01T23:06:19.504657,Juhu,12.538218985485495,205.35519841553628,1.6585553653184777,4.183182856766095,23.552374737127828,377.8193007539039
2025-07-02T11:06:19.504657,Bandra,17.63506806129122,264.83106604409465,1.250381608545043,4.795722145309514,36.443152031953176,497.66627451804754
2025-07-02T23:06:19.504657,Versova,33.091906644239174,219.77907616239696,1.4206071941097824,2.2240831886201047,28.715545411773586,639.2540326149488
2025-07-03T11:06:19.504657,Bandra,16.32536183932469,176.31647228314816,1.0469309263749307,0.14674297533390554,5.62344039234167,222.23557464398553
2025-07-03T23:06:19.504657,Versova,18.27977685764078,235.1065300015613,1.830878319822798,2.043689006695159,49.339973688338624,631.5716167202862
2025-07-04T11:06:19.504657,Bandra,21.929387174958418,240.82418078025762,1.3475218947314607,7.83067801893369,52.623043550399714,651.1540485287048
2025-07-04T23:06:19.504657,Bandra,23.061500417957195,216.72768668740716,1.3567063252187985,0.5250477068702344,15.03077797735807,413.9192053211032
2025-07-05T11:06:19.504657,Bandra,12.507532060642745,218.12235610374674,1.6725099105327055,2.1587362767133595,13.128021879628776,265.30763748333675
2025-07-05T23:06:19.504657,Juhu,25.632616025090275,210.30883806269057,1.8040367465223301,8.161596360639148,27.641416103412475,578.295041878275
2025-07-06T11:06:19.504657,Versova,18.316372805620347,185.7734468766473,1.330681607547989,8.896843768961292,0.0,166.81912835398734
2025-07-06T23:06:19.504657,Versova,24.54300221245443,223.38243004269077,1.515677547149245,2.8216060052970944,23.10939165338386,509.45720430760906
2025-07-07T11:06:19.504657,Bandra,25.65510381039349,244.403936533706,1.1385193196315884,1.8617608925402471,44.68537993501972,653.729538141721
2025-07-07T23:06:19.504657,Bandra,33.90768340983522,204.89387953037067,1.3945283764199619,44.688914373040944,29.131998535069005,889.8435760583849
2025-07-08T11:06:19.504657,Versova,25.28477220127449,197.12337912374153,1.3301614234177297,1.0199470963818114,19.851198260406562,440.5607523520725
2025-07-08T23:06:19.504657,Bandra,20.32660644758373,229.22915507734473,1.8346400049285634,5.745671680712063,24.133254810252556,539.0364605644555
2025-07-09T11:06:19.504657,Bandra,31.3520823029061,225.90445417999965,1.5153593705643256,2.5445027975285535,29.7599448586604,541.920340493064
2025-07-09T23:06:19.504657,Bandra,24.148495172446868,225.79121516509124,1.6591699813613203,3.1834837672317025,29.403372591703203,502.35285937807197
2025-07-10T11:06:19.504657,Versova,31.984807902289198,213.9876294679574,2.123303139875833,11.262752841337145,47.14725188814623,915.8223965710329
2025-07-10T23:06:19.504657,Bandra,26.9922456142894,208.432050904127,1.19968133598467,1.7285066367365312,22.866044133722617,486.38873195533364
2025-07-11T11:06:19.504657,Juhu,19.130600177955138,172.4586928638367,1.3435796724543743,4.428730143527602,14.974316831796264,464.3905046843564
2025-07-11T23:06:19.504657,Bandra,19.46690294659362,236.4564201105253,1.1810062563414887,0.7166096452497485,25.307533424134633,412.8099954742978
2025-07-12T11:06:19.504657,Bandra,28.580553490405496,231.61702609231156,1.935300431439401,3.0267718261423786,50.95574841078966,854.6792446288076
2025-07-12T23:06:19.504657,Versova,25.3046454692468,196.86000844073843,1.4486919760363126,3.817077777634976,4.050661080240678,308.7278396699509
2025-07-13T11:06:19.504657,Bandra,27.838785385430345,224.96526953448608,1.4316336055348013,3.3634862824818295,45.75154542121787,723.0491294901253
2025-07-13T23:06:19.504657,Juhu,21.642189497078686,227.25896064884068,1.2331653752281355,2.9251073953603917,28.504458750433272,435.17390066724863
2025-07-14T11:06:19.504657,Bandra,29.253388187371197,229.58149376411404,1.8222954038146684,22.132788596030046,57.073790539927515,937.8784563287883
2025-07-14T23:06:19.504657,Versova,17.327599342973517,241.7752428781846,1.2517953001078943,1.798691822079777,18.824948488893668,393.39532909670373
2025-07-15T11:06:19.504657,Bandra,22.162475330564384,235.45123841750654,0.9495575911096333,8.867116130036374,55.71164803983428,694.8337179578506
2025-07-15T23:06:19.504657,Juhu,17.554267910504358,226.88248535578552,1.2842979996955788,16.706014632518276,9.996699189166472,427.57384828667625
2025-07-16T11:06:19.504657,Juhu,28.02060444794259,222.85290418571967,1.7998257098033734,8.31468630489667,50.70699564596242,840.7986935875301
2025-07-16T23:06:19.504657,Juhu,23.01243680545069,218.68435247119658,1.0775689878561325,0.5881324942349241,39.58516510265653,576.1311151318757
2025-07-17T11:06:19.504657,Bandra,18.185442933250126,240.64260003062918,1.2627301854997341,14.271394599157912,23.632620619009582,394.0091723713209
2025-07-17T23:06:19.504657,Bandra,31.06392194565209,234.6119742587797,1.4391946794488668,4.683204617337651,43.25248461570649,719.958246032723
2025-07-18T11:06:19.504657,Versova,20.48319521226155,232.6393291504819,1.253559141291105,13.067802872182527,18.832776898963452,479.3735671173689
2025-07-18T23:06:19.504657,Juhu,20.02861644155523,217.50071844104414,1.3059164486251156,10.10789397014215,14.22008802880161,445.7162928424567
2025-07-19T11:06:19.504657,Versova,25.22808214660772,251.82863950747407,1.2921735426905872,22.729805574721777,44.54859443010701,791.2778248372053
2025-07-19T23:06:19.504657,Juhu,24.049210281306358,226.13485134324108,1.5463451987157184,3.1117628399017647,35.78086181196846,572.4217925607518
2025-07-20T11:06:19.504657,Versova,37.51898113634387,240.65747469897144,1.3706623291274702,19.465269007961112,59.76120852991002,1046.804405638063
2025-07-20T23:06:19.504657,Versova,25.746817411355945,232.28280592109323,1.5021535400723827,10.37681953636756,19.868747388952993,467.4781420612143
2025-07-21T11:06:19.504657,Bandra,25.145513541625114,224.71291066871703,1.460963211093034,0.8801774948675122,24.441343190367782,539.4728563265987
2025-07-21T23:06:19.504657,Bandra,29.08433984766131,216.4746288664715,1.620575686552177,13.547093780726186,27.35971402169398,578.474293645432
2025-07-22T11:06:19.504657,Juhu,29.10079093377742,196.94514553527466,1.8018914488954572,19.638267934094785,22.35464219746173,675.1564653439854
2025-07-22T23:06:19.504657,Bandra,28.01547342474417,207.98929442505911,2.2455569750036677,6.178511139964916,28.943445038597144,617.5663235803614
2025-07-23T11:06:19.504657,Bandra,26.88914610611079,249.36389423508513,1.8172104916134675,4.509586856313101,53.94190486317481,807.1643712256591
2025-07-23T23:06:19.504657,Bandra,17.2374300385689,242.95515797430312,1.345775084185842,4.304692142367838,28.621674985382576,438.1341201345431
2025-07-24T11:06:19.504657,Versova,27.609043700093657,244.93049267793162,1.281100612853662,4.994271640815945,54.25690454479658,792.3074713756133
2025-07-24T23:06:19.504657,Bandra,25.94423178565457,191.51628602372193,1.3890908832086741,6.210005752530997,6.708366088428063,362.49396755260716
2025-07-25T11:06:19.504657,Juhu,24.35377371023741,221.37101861504968,1.4680988992406054,10.8810641604361,16.65811623874239,567.2091020417264
2025-07-25T23:06:19.504657,Juhu,31.206961656565944,218.02035897863328,1.2472507525899896,3.241662244354197,42.475233988232944,791.4792605009355
2025-07-26T11:06:19.504657,Juhu,28.980463529992843,224.94499517931635,1.5063180595093077,25.344087171109667,36.36671601991701,757.4516147675032
2025-07-26T23:06:19.504657,Juhu,17.954465361220116,216.8272817492666,1.6436456244639226,1.8370002121486781,28.319742430326897,467.28045190682496
2025-07-27T11:06:19.504657,Juhu,25.8402990298341,204.28755305049344,1.8321192708195404,2.7730232931747674,22.532499183532618,493.0501397184729
2025-07-27T23:06:19.504657,Versova,22.070361633411224,231.5821355742026,1.8758527903282451,4.174027537468337,30.101999467038556,621.7521484333218
2025-07-28T11:06:19.504657,Bandra,21.973035380362305,231.22935126522108,1.629104532571426,11.13485578528282,34.63605504066087,571.4553775686497
2025-07-28T23:06:19.504657,Versova,22.073870021082513,245.11310186153196,0.9901507713964668,15.255570922710604,44.858725693134055,688.0227070979931
2025-07-29T11:06:19.504657,Bandra,29.580256615591555,230.76822297432122,1.33119239266793,4.2400529899497155,52.47239642030668,768.2964738309356
2025-07-29T23:06:19.504657,Versova,21.089982537444815,209.80593765039427,0.9686794340735727,5.4024547865953565,25.68156116564993,531.5451267077838
2025-07-30T11:06:19.504657,Versova,23.49318439779907,183.48823981842935,1.474179092162732,1.12945547196431,0.0,234.64030408361975
2025-07-30T23:06:19.504657,Juhu,29.544799146140654,234.18780832655708,1.5699277957544362,3.3352766890299694,52.36540162039765,785.5201180124263
2025-07-31T11:06:19.504657,Juhu,18.54605566924704,220.9416507397911,1.5661055487820637,19.23757515573203,24.384895295911914,497.5391535694947
2025-07-31T23:06:19.504657,Bandra,25.046132170721638,250.1776674657906,1.5160568393697136,7.005915957539225,49.55360437477262,715.083001797589
2025-08-01T11:06:19.504657,Juhu,32.89970053971723,206.3170457378431,1.6841875224812441,5.927608737815744,33.950805735690636,746.9815000362578
2025-08-01T23:06:19.504657,Versova,20.030686625825734,233.40383085789983,1.2430505287772404,4.737918784843434,33.140271238418116,504.0047952471059
2025-08-02T11:06:19.504657,Bandra,24.526881036753554,211.4139046126853,1.2527186468048972,34.93837114130196,34.583155366576634,798.6870563402985
2025-08-02T23:06:19.504657,Versova,27.786521468902436,222.31709647467085,1.6210406754323752,1.1505461797192926,31.920017975533206,592.3064808235645
2025-08-03T11:06:19.504657,Juhu,25.91250515299607,256.40262831159424,1.4616076093414454,9.903851674006445,42.534166535502756,805.7915911288646
2025-08-03T23:06:19.504657,Bandra,30.90945546479981,234.6181618549779,1.439242731880551,3.764449821263705,45.11869097340511,680.5898390853453
2025-08-04T11:06:19.504657,Bandra,31.600920985992087,235.74720562898452,1.7773230561824982,8.028200054511531,47.89545271377323,726.7301568945865
2025-08-04T23:06:19.504657,Juhu,21.093516465884708,204.50015372362475,1.854997143132947,11.909903146114226,34.23379636776385,641.0851677934834
2025-08-05T11:06:19.504657,Juhu,22.68530243987371,222.4093718455513,1.0844228731478094,6.3963568954781636,33.929107520073046,458.38975476236635
2025-08-05T23:06:19.504657,Juhu,31.48031530890698,202.85686366395097,1.3903482189044203,9.4112855647433,22.942824818504892,578.1544299128467
2025-08-06T11:06:19.504657,Juhu,18.08268744085817,196.42285526911618,1.56656505263163,7.852035047258711,15.881993020111612,361.55018555607455
2025-08-06T23:06:19.504657,Juhu,28.60344735597115,213.25721336016673,1.2663181077551275,8.449228296154448,28.221208548437573,693.7104924999509
2025-08-07T11:06:19.504657,Juhu,28.132452007552793,245.0676552843988,1.5365444117324574,8.074212048861227,37.1191437576166,682.801706360561
2025-08-07T23:06:19.504657,Juhu,18.54641240105794,233.58700470844943,1.500213036469789,8.749756352356211,28.096303083597043,459.9434953201841
2025-08-08T11:06:19.504657,Juhu,25.551844283584575,220.1934352513397,0.9990396999978808,2.5744846813005284,35.99779628911256,616.2537366013479
2025-08-08T23:06:19.504657,Juhu,19.530428848938822,242.5776466815129,1.832536996932847,2.111371365112743,38.85280077605488,561.0375291236712
2025-08-09T11:06:19.504657,Juhu,29.123336672052808,189.08126897326628,1.3016473095515204,12.913884809729904,14.259418836977773,550.6676581335262
2025-08-09T23:06:19.504657,Versova,16.68123402484004,245.98250834480052,1.3300298416413092,13.658059906852241,31.024533277839886,498.18483174224286
2025-08-10T11:06:19.504657,Bandra,24.791957711344697,213.91324065373337,2.0819965174429003,13.821555413046656,40.9190173558542,623.6226579733263
2025-08-10T23:06:19.504657,Juhu,26.485417257454174,257.42453759452457,1.3036794314494455,13.807446237673979,42.39342704014852,651.0588565760881
2025-08-11T11:06:19.504657,Versova,24.540776178325224,256.94241068580504,1.0586757492920607,16.378488004480836,70.45505496198321,974.1270052381673
2025-08-11T23:06:19.504657,Bandra,19.820445074937716,222.06882928616642,1.7258046945858172,18.269703530129696,14.685648632113638,387.7105915251793
2025-08-12T11:06:19.504657,Bandra,25.86127193205519,224.74837234364804,1.7168050323617883,12.068626396320767,33.897496378888306,696.5753555175053
2025-08-12T23:06:19.504657,Bandra,31.247524503530794,198.344452050407,1.3951682018349132,16.91436676998317,11.943314202024727,472.8090108063925
2025-08-13T11:06:19.504657,Bandra,32.52772595952914,267.2469177658058,1.9190792818066904,2.319239883319977,78.72835432554385,976.916453662833
2025-08-13T23:06:19.504657,Juhu,18.95910588177206,219.96838338468842,1.5943438417450215,10.087441994171233,42.73833151084631,590.8207175111938
2025-08-14T11:06:19.504657,Bandra,21.94307376305686,238.62371300248228,1.6506057812990595,12.185292909680443,38.80892504469527,646.7463872639045
2025-08-14T23:06:19.504657,Versova,25.246541657601114,240.37679351937794,1.3175320477665722,3.606472922375769,47.524530896231944,825.4356093522805
2025-08-15T11:06:19.504657,Versova,31.263078598097785,217.05609367708024,1.1693190778632434,9.602275388403696,38.44788204164168,736.9550127383
2025-08-15T23:06:19.504657,Juhu,22.263581750668955,204.8316013813762,1.3653003092628317,2.8610868024263936,18.578482503170324,350.7911921044239
2025-08-16T11:06:19.504657,Juhu,21.6851060995539,241.33677419264504,1.6784294744330792,2.977040937481969,32.50525388085539,601.6888710306202
2025-08-16T23:06:19.504657,Versova,21.1985452621801,263.6491899489911,1.6330571215387244,4.261817261473234,25.115623196441177,373.36246271224076
2025-08-17T11:06:19.504657,Versova,25.142287905915794,228.07097276641483,1.5427511467728496,3.797931817268408,38.79335356375728,605.8328942712818
2025-08-17T23:06:19.504657,Bandra,20.68253197517533,224.3759302212183,1.5054050616133339,9.524005241928169,33.65550409812051,560.0559537058637
2025-08-18T11:06:19.504657,Versova,17.021816195551587,239.02993736237974,1.7380826061108636,6.10310480440031,36.36818094059154,498.9516720266855
2025-08-18T23:06:19.504657,Bandra,25.591059957009684,211.51618879323547,1.8532634174308757,3.0436496321598088,24.629127210757126,493.4593566875114
2025-08-19T11:06:19.504657,Versova,24.559543779854632,217.2708953848815,1.7719697282051103,10.607003675455411,41.86243038326604,605.2261139632473
2025-08-19T23:06:19.504657,Bandra,21.09421810934443,219.80399718464975,1.9795614336289025,3.3576061363750065,35.02877298945267,513.7162111936207
2025-08-20T11:06:19.504657,Juhu,35.74241424574388,212.03379459712608,1.2527030963811365,1.8603950146399226,36.195306813377,684.728345104467
2025-08-20T23:06:19.504657,Bandra,29.36814251037265,224.39194466939003,1.7780600657255874,2.8734103625037783,63.13201466255245,918.4626227851436
2025-08-21T11:06:19.504657,Juhu,22.924498555183153,230.2640584599352,1.3752935399131312,23.66947836889487,37.511138326779815,777.0800668853412
2025-08-21T23:06:19.504657,Juhu,21.309714581693044,228.62502325204102,1.6380814874946912,8.572326375919161,33.930035298506255,581.058914642367
2025-08-22T11:06:19.504657,Juhu,19.948887989440724,244.23974378143683,1.4288964089962117,10.460661964280916,38.435706341750056,639.6314198407897
2025-08-22T23:06:19.504657,Juhu,29.37938230999392,215.66745224881814,2.114872478587362,5.14788550334379,31.402265799447974,675.0006527549084
2025-08-23T11:06:19.504657,Juhu,17.67698968374688,200.29273946655096,1.3382357952581265,11.90053354062867,0.0,255.34025507125145
2025-08-23T23:06:19.504657,Juhu,23.549812801968137,217.76734952765682,1.3777855897854567,8.333658886675275,43.56041570705005,738.3077486035256
2025-08-24T11:06:19.504657,Juhu,23.878405145609477,226.59513053798432,1.2422300573710736,24.444907236395437,46.09165523373714,758.1305415715475
2025-08-24T23:06:19.504657,Bandra,21.860533311083554,167.16334802099587,2.080404368824145,2.4226982495976617,0.0,307.9334637189239
2025-08-25T11:06:19.504657,Bandra,26.007720008997108,236.90981795278515,1.3230315730611326,13.414971234034583,41.963614661920595,683.6325926852255
2025-08-25T23:06:19.504657,Versova,19.97073217625518,190.81380609417909,1.6954035037059145,10.227094367841294,0.0,313.5686094000031
2025-08-26T11:06:19.504657,Juhu,28.315496233700866,211.47517583515153,1.171690560734957,14.113752089015922,45.1565808552033,695.0842916039475
2025-08-26T23:06:19.504657,Versova,20.962788874628764,205.04089425953657,1.2352622855303255,10.898787531331251,3.5099241533048975,345.2811753976656
2025-08-27T11:06:19.504657,Juhu,30.280920698130476,231.15353306802228,1.1713441833463314,10.928465572219721,64.14167242947454,897.1026104490658
2025-08-27T23:06:19.504657,Bandra,17.324906186670624,235.7503476604023,1.5115510936904426,13.87618340473702,43.04714885152494,629.1681498227757
2025-08-28T11:06:19.504657,Versova,15.187798875765747,230.12443672163957,1.6450319675790117,8.724416383427991,27.12450419126775,458.4543447567099
2025-08-28T23:06:19.504657,Bandra,26.94187864615084,223.10351537438257,1.3455651975255774,19.8747967623259,39.255074096345986,698.4266213332719
2025-08-29T11:06:19.504657,Juhu,24.827391000843445,218.7251744529142,1.626045988195886,1.7250751703778544,22.517549783220836,404.7090101842628
2025-08-29T23:06:19.504657,Juhu,30.730891303524302,223.04027106558618,1.2146191820585095,1.381951044775152,35.90951732180617,712.2754147359136
2025-08-30T11:06:19.504657,Juhu,21.440133863705388,221.07623708295068,1.2986569179710636,17.17828835954157,27.99537969794854,556.9050213494436
2025-08-30T23:06:19.504657,Juhu,34.06703849257711,218.14242276884872,1.5835045903934009,3.3104201163002145,36.98872367160496,716.3748112602689
2025-08-31T11:06:19.504657,Juhu,19.46029164542502,223.57216263378697,1.717379098932739,3.428496768532784,17.133920970963473,395.47218882273813
2025-08-31T23:06:19.504657,Versova,31.96082002610691,231.52539565856762,1.768885188039182,15.38000824452736,50.2549108240228,896.411361654412
2025-09-01T11:06:19.504657,Juhu,24.904022247995847,164.84735320612486,1.6713538218657626,3.2669225918819262,0.0,345.4124971704851
2025-09-01T23:06:19.504657,Juhu,27.769780235411382,242.15637683069573,1.8698763285141742,4.980197065304155,52.47943179116747,862.4749947516942
2025-09-02T11:06:19.504657,Bandra,23.07308799468661,190.9026279653877,1.5221798361091505,3.8046590477678084,6.1647031828806185,318.3155887136164
2025-09-02T23:06:19.504657,Bandra,21.13137410245202,255.7613087221094,1.2597727341821345,15.807646736307754,28.320165204154065,588.6322419275713
2025-09-03T11:06:19.504657,Bandra,25.842791506490176,264.0859447605062,1.8733958344605903,28.53736991607348,70.694225831871,1035.8317593944705
2025-09-03T23:06:19.504657,Juhu,26.622293021762584,188.9227441487527,0.7824131387060929,1.8532032120778896,16.706115089142887,587.9594328781907
2025-09-04T11:06:19.504657,Versova,24.797246922088828,214.64827895067452,1.4105221538055277,3.5015628849135543,30.848298050418297,529.5453971045129
2025-09-04T23:06:19.504657,Juhu,31.433129050517643,212.80030756962913,1.3811050900294752,4.2611528855376966,22.746448905789897,652.2292742413312
2025-09-05T11:06:19.504657,Juhu,23.263488555210785,253.8401159530703,1.5202217660513409,4.124618540525606,35.68434757300771,614.8648340013763
2025-09-05T23:06:19.504657,Bandra,16.414690257789758,225.6466046559115,0.6286606810268739,34.10294069906828,29.3885263094935,656.3663671626114
2025-09-06T11:06:19.504657,Versova,26.053342326015553,217.79937006010084,1.657261251270464,5.9803676377061326,34.099066477256095,644.1184540455389
2025-09-06T23:06:19.504657,Versova,23.037391475356007,212.8173046157238,1.9916375794001777,1.328709100504739,31.071371755599202,586.9141391941699
2025-09-07T11:06:19.504657,Bandra,35.928899061355835,240.19029774972216,1.4124724103224389,33.9986489669791,43.47434759953011,919.1139384377406
2025-09-07T23:06:19.504657,Bandra,22.282035381381714,209.75809430108697,1.4084201842904698,1.1251019481294036,17.812160049451254,401.8733131338326
2025-09-08T11:06:19.504657,Bandra,26.215059285048504,223.05737781684726,0.901761346956223,3.8674186064988443,29.811261005035174,524.0784979440919
2025-09-08T23:06:19.504657,Bandra,18.395373469683495,182.5263396535034,1.5868961094629275,2.7654601110677484,2.0804012328278008,309.1840442191892
2025-09-09T11:06:19.504657,Versova,29.86550780507536,230.2442946447371,1.317019111666002,0.662409946287563,61.011210092842475,880.0681357666475
2025-09-09T23:06:19.504657,Bandra,33.032736931441676,207.04866629999268,1.4002035545765183,3.7058389853589393,42.71947940862779,765.6311448367863
2025-09-10T11:06:19.504657,Juhu,27.21286176780284,249.1321630972783,1.0418496430231057,7.8702078034706355,47.033373102170266,708.1475678645991
2025-09-10T23:06:19.504657,Juhu,29.54598175849761,209.01428572267457,1.1573765282716861,20.116111739594132,28.950506413336527,675.5172856120673
2025-09-11T11:06:19.504657,Juhu,30.10550786453054,246.67470596108026,1.2047326555317543,4.441976667495255,50.5154948908731,705.800495066839
2025-09-11T23:06:19.504657,Juhu,25.50842697723649,227.11307650052123,1.9183876164633529,3.7517967311876155,26.927815441946816,548.007314198113
2025-09-12T11:06:19.504657,Bandra,23.317237050609133,211.01030441678387,1.7125680944569934,1.9361479204959888,22.3756448458176,522.6269188255144
2025-09-12T23:06:19.504657,Versova,22.022325324080704,243.01066154663184,2.009830794902613,11.806477254887483,35.22984094441395,659.3350660454979
2025-09-13T11:06:19.504657,Juhu,33.0204562673862,234.4607656432043,1.3063283783893815,8.399516810523487,51.73391206131911,763.7638375015272
2025-09-13T23:06:19.504657,Juhu,33.95632532085353,227.9470254628649,1.5552398319067633,12.533720475465962,37.628918312976325,749.2178891875387
2025-09-14T11:06:19.504657,Versova,24.74290222796579,185.68142011706044,1.4751417982392254,2.006039838399916,0.0,309.3196993401712
2025-09-14T23:06:19.504657,Versova,34.710948063468855,186.26409422535522,1.377696716527654,1.785930696849648,0.0,471.76444253727004
2025-09-15T11:06:19.504657,Juhu,17.510932717297848,236.8288430350371,1.7040661081430073,1.2099982699549117,39.665986291753796,555.7873033552536
2025-09-15T23:06:19.504657,Bandra,21.09893538816799,242.62324936873392,1.3163831320609765,17.358313436035886,45.036976782753825,605.4534872972423
2025-09-16T11:06:19.504657,Bandra,24.96208556039479,233.06873725742582,1.2684866339458378,15.848015791272337,16.190638426337905,610.4136957381963
2025-09-16T23:06:19.504657,Versova,24.334890596799553,241.98404618524435,1.6141173161693703,10.303118441833941,37.14343095668141,690.4671480503509
2025-09-17T11:06:19.504657,Versova,17.451128534228943,212.85055424759386,1.3786914021929932,3.011700141513138,24.691761962314317,414.534564516273
2025-09-17T23:06:19.504657,Bandra,24.764449421844834,234.60100536010003,2.3298419759435696,26.93380454435337,43.055634970280806,765.1467105601672
2025-09-18T11:06:19.504657,Juhu,26.211511373319237,231.41753022369153,1.4506317091131977,0.24953161282464986,51.7802308021719,777.1670666683331
2025-09-18T23:06:19.504657,Juhu,16.302990140316314,203.95039846007174,1.725697467908231,7.220138655777958,16.825152648167055,283.6586903667803
2025-09-19T11:06:19.504657,Juhu,26.32306922034107,222.49651143233672,1.7540646311654742,0.4076780149507192,46.38206916062569,666.1524509369782
2025-09-19T23:06:19.504657,Versova,21.65827402576599,223.7784865729525,1.182467809907504,26.388348148913995,4.988901689754854,362.27228440012243
2025-09-20T11:06:19.504657,Versova,30.20457041403687,220.98804370138137,1.6605135575111996,24.519705317262495,45.35717742291631,884.3225823925078
2025-09-20T23:06:19.504657,Bandra,20.043548091798392,243.41196485423632,1.271571073672325,10.656901347996492,32.10247181490238,555.7510904686926
2025-09-21T11:06:19.504657,Versova,22.58586204596541,222.4773647935231,1.7901933699114647,6.1489750379938,32.77125748557707,535.8673923096392
2025-09-21T23:06:19.504657,Versova,38.881420580765294,225.793835146637,1.279627984028228,11.137063256486272,35.54503885008255,746.7527884345731
2025-09-22T11:06:19.504657,Juhu,20.953362871589967,236.03771943644307,1.7040690625252888,0.4999552507890129,32.63265623688843,573.9488005699654
2025-09-22T23:06:19.504657,Juhu,37.57219318308671,241.48196913325262,1.832506525053792,12.999419692623842,74.07459085920368,1096.4117869481884
2025-09-23T11:06:19.504657,Juhu,26.433964487720985,227.4809023685344,1.3122346407295546,18.34759944844268,51.642933739006935,836.5254411574126
2025-09-23T23:06:19.504657,Versova,16.097714239967434,231.82077021015095,1.0106176513295506,18.226288933691222,21.273484654653263,503.5479521859171
2025-09-24T11:06:19.504657,Juhu,30.658190598341562,213.3996733469263,1.153075254976843,1.3480093149507733,37.584016628262994,635.0724994500197
2025-09-24T23:06:19.504657,Juhu,21.536491816858106,228.92578335629523,0.8567879622975992,3.9834645504767514,34.22716538615807,470.3338102135949
2025-09-25T11:06:19.504657,Juhu,29.710014584682824,239.1437237010019,1.79375563067692,17.985318673707038,46.39781596540764,855.4575298536472
2025-09-25T23:06:19.504657,Juhu,24.760742433354405,218.23383867073105,1.6892923469493293,14.897548304511536,24.31251387286023,593.6580908144986
2025-09-26T11:06:19.504657,Bandra,18.587112292214776,233.41399262036958,1.3266237669501868,6.943870135031269,17.484325749923705,431.41480406511255
2025-09-26T23:06:19.504657,Versova,29.28351240121278,258.5475417561098,1.2584484744771371,5.941558868895468,68.16942476923796,937.9226830378901
2025-09-27T11:06:19.504657,Versova,24.776272076220085,191.69381842644725,1.4125436067247512,21.09872078869808,14.931324416692837,458.97383158319457
2025-09-27T23:06:19.504657,Bandra,20.078001870659087,236.69279396538238,0.698926200771957,0.7368682236103739,51.58502908067415,630.8117726692126
2025-09-28T11:06:19.504657,Juhu,30.131282131354922,221.44164248391203,1.226156724211046,15.875706349446999,28.44959757405811,695.6329823084885
2025-09-28T23:06:19.504657,Bandra,20.72704782677105,226.86059239186847,1.3112197203223366,1.3309156158052136,25.30665377491181,394.21263333931216
2025-09-29T11:06:19.504657,Juhu,21.847284521309923,219.78460307487865,1.1284310432895999,7.144122096942733,25.684002716749816,448.9759526475477
2025-09-29T23:06:19.504657,Juhu,27.504157955021057,207.4305239731588,1.722737674077786,1.132013237341953,18.96495386139383,493.784229980253
2025-09-30T11:06:19.504657,Juhu,25.43485108787679,190.5531328626043,0.920012978500328,3.716013463532872,13.018765568911046,457.16411324523966
2025-09-30T23:06:19.504657,Versova,30.311668312100295,223.53389685820886,1.3655898421698867,3.793897394347871,31.709388758267213,668.7508973561918
2025-10-01T11:06:19.504657,Versova,15.133683827356112,26.91388373010683,0.7716553057566539,2.2842192308812215,0.0,202.49559712165754
2025-10-01T23:06:19.504657,Juhu,14.375577931164202,33.58719139599774,1.0557405930298853,3.365308210030412,0.0,189.63038469487995
2025-10-02T11:06:19.504657,Versova,14.576065534396879,33.071771840622404,0.7102454682717697,0.31706639240307893,0.0,234.76448926488604
2025-10-02T23:06:19.504657,Bandra,11.398438406241077,28.750970995182307,0.9424471234968878,1.2343092259600548,0.0,163.16958088622363
2025-10-03T11:06:19.504657,Versova,9.263115110451741,59.51056746075971,0.8410015613488648,0.6866551554436495,0.0,174.24630439519052
2025-10-03T23:06:19.504657,Juhu,9.691312856504627,55.94605349553947,1.2092245812395053,0.07332001456471235,0.0,143.95169002749685
2025-10-04T11:06:19.504657,Juhu,5.485285785718657,46.959265289522534,0.6985885877270162,1.9585157116441503,0.0,0.0
2025-10-04T23:06:19.504657,Bandra,11.352118438949303,63.7495498501385,1.2905199183582559,0.540225155449243,13.11693449272661,207.198768312133
2025-10-05T11:06:19.504657,Bandra,9.990589925772415,53.36927718227588,0.4632105664881965,2.136863516145745,9.39674248027902,267.89100565223634
2025-10-05T23:06:19.504657,Juhu,10.308952013005065,53.305451582265476,0.44863514798681914,0.7298430096471216,22.739410386772008,308.441405182177
2025-10-06T11:06:19.504657,Juhu,11.682543727506907,21.898218191213527,0.6740290991397229,0.43343274894772793,0.0,137.2164819508243
2025-10-06T23:06:19.504657,Versova,7.365187959969724,34.213899710734594,0.9159147961544183,0.5943621129648129,8.377642215465892,86.02860031804501
2025-10-07T11:06:19.504657,Versova,11.822404276774192,50.17825495085552,0.9582545047266804,0.7080370161773129,0.0,136.9769429697632
2025-10-07T23:06:19.504657,Versova,17.245727742175603,37.18536171183623,0.7299462627245306,0.21358410474777548,26.381752566205993,338.23500521209337
2025-10-08T11:06:19.504657,Bandra,11.311853004433598,42.19604040580838,1.1791283485705344,0.6671446203573883,1.8251599658135578,182.6300442712204
2025-10-08T23:06:19.504657,Bandra,11.054110034141626,26.17954598667242,0.8738250845949227,0.5921698082161454,0.0,101.04093869186914
2025-10-09T11:06:19.504657,Bandra,14.062693055982411,68.35863325907815,0.7685473327703712,2.711763928559805,0.0,178.26715767003165
2025-10-09T23:06:19.504657,Bandra,8.295462858992726,64.15109438043768,0.5229179112173625,3.3766023974738735,2.029440503101111,156.6771153903872
2025-10-10T11:06:19.504657,Juhu,8.834676973558652,41.426957619356095,0.24611802219497725,3.6061631051000305,0.21692055526284187,78.46340428241584
2025-10-10T23:06:19.504657,Versova,16.41310407245131,31.010095596647137,0.48888017792900124,0.2731188727828521,6.6536893503283,218.9416835394311
2025-10-11T11:06:19.504657,Bandra,7.184715107868162,40.923537497588526,0.9941295179917422,0.10940950897992784,0.0,140.0348504531305
2025-10-11T23:06:19.504657,Versova,12.878677707464146,43.87709736029591,1.1825279065645093,0.03202026352800331,7.908701122038941,233.54864621794357
2025-10-12T11:06:19.504657,Versova,9.343013215031306,70.70770558028542,0.6123258086935881,1.6656654267857491,5.773635251066615,160.20059540523454
2025-10-12T23:06:19.504657,Bandra,10.345628074934766,45.482064529546946,0.8713694566406426,1.1685458502680346,0.0,72.78280892970432
2025-10-13T11:06:19.504657,Bandra,10.086615284650414,32.83298470641325,0.9777590921953284,1.635367234301898,0.0,167.67850156531318
2025-10-13T23:06:19.504657,Bandra,12.821571841197375,19.247356071089328,0.9144083844075359,0.31957464898997007,0.0,166.9342923523954
2025-10-14T11:06:19.504657,Juhu,11.856892591546151,10.950363965868249,0.805545821196929,1.2085283661935966,0.0,201.0521410974926
2025-10-14T23:06:19.504657,Juhu,12.849513016009091,55.68493865750112,0.9604420718451571,0.1341968742484905,10.16820493446502,200.04352160189842
2025-10-15T11:06:19.504657,Juhu,13.988345658062883,53.13454938922228,0.5114345413382153,0.18920885439824714,2.9094736433948536,239.97396287131807
2025-10-15T23:06:19.504657,Juhu,12.696643517864699,31.48831225170664,0.9423900362042521,0.30956169725310284,14.671626696512623,302.09183321242045
2025-10-16T11:06:19.504657,Versova,12.520460919681266,77.08678216617193,0.7144717228873958,0.1421059421907458,19.988717359397143,412.252784279709
2025-10-16T23:06:19.504657,Bandra,9.351014329497351,24.19072458761443,0.8343631023330063,0.08237778791062395,1.8077423872584042,80.66219847281096
2025-10-17T11:06:19.504657,Bandra,11.63269556158976,50.01384832045505,0.5564077543119572,0.440161060076273,0.0,177.88832631136557
2025-10-17T23:06:19.504657,Bandra,9.229582749474499,21.8201079895201,1.0128608512179322,0.4863055837726009,6.177501780872845,135.25532260905675
2025-10-18T11:06:19.504657,Juhu,11.70414706907832,21.33887630531222,0.7241710234711445,1.2051331067717732,0.0,159.7485633375851
2025-10-18T23:06:19.504657,Versova,5.3574788004790355,36.8616603199944,0.9356969698894944,0.8780222064978458,0.0,38.99405371146953
2025-10-19T11:06:19.504657,Juhu,15.324800468486796,69.17364021670606,0.7898705655807038,1.7834433939625092,0.0,143.8898452983238
2025-10-19T23:06:19.504657,Juhu,13.194803316537978,49.310140463682174,0.8615044318612785,0.7502723215482715,8.005538880867448,245.26930210598923
2025-10-20T11:06:19.504657,Bandra,12.13787818835631,49.39290320566091,0.706817925530128,0.1869780400820754,0.0,133.56439899036945
2025-10-20T23:06:19.504657,Juhu,13.458554374685816,6.012564893551534,0.18489276281473999,0.5929449070426361,7.391804947015679,218.64179896099057
2025-10-21T11:06:19.504657,Juhu,13.129530414511862,44.78644271466713,0.3929785798231424,0.32289320975318647,0.0,168.26172687132893
2025-10-21T23:06:19.504657,Bandra,11.829178623825621,38.27323292730974,0.5973880283590136,0.8295102390152554,11.553004115216927,271.49428965839974
2025-10-22T11:06:19.504657,Bandra,9.588154755817557,71.49397409946101,0.7533176215061178,1.1498835705434003,4.588913963618989,134.89455863215952
2025-10-22T23:06:19.504657,Versova,13.882818892685494,39.40985073406933,0.7525083565971009,0.6793036956154765,0.0,204.0011179854445
2025-10-23T11:06:19.504657,Versova,11.403450769447046,344.04445375212805,0.6728493734301871,0.03879195052760894,8.414766829528137,291.7312490033909
2025-10-23T23:06:19.504657,Versova,12.151609028378735,74.79605263142707,0.5568534252880051,0.3350179290243876,0.0,215.03701452061702
2025-10-24T11:06:19.504657,Versova,10.038962578087743,32.91363437450324,0.5035442230292579,0.9690504878949909,13.97035385028994,285.5447235262972
2025-10-24T23:06:19.504657,Bandra,15.499111637007756,55.61951323928181,0.146536604080571,0.11473809550171603,0.0,201.36242536374976
2025-10-25T11:06:19.504657,Bandra,13.178891257853481,55.381244472098516,0.5067576089183793,0.19042961791040852,0.42570341379032905,251.87551326743784
2025-10-25T23:06:19.504657,Versova,9.968429287040117,53.31101482948462,0.7171932054333292,0.35835576572479766,2.687185273046684,108.55970747250399
2025-10-26T11:06:19.504657,Bandra,7.94833210697105,16.762965833561104,0.7283711840335256,0.8359053881097536,0.0,150.18143406567614
2025-10-26T23:06:19.504657,Versova,9.502526465308105,16.870519919310773,0.24649759806995064,1.2839440231616066,7.855911301653025,159.99923128139125
2025-10-27T11:06:19.504657,Versova,24.15765036663587,56.68262969637623,0.9841599038422342,0.35270300517747205,9.93782214530439,439.85361584852546
2025-10-27T23:06:19.504657,Versova,9.133540508186417,52.38662042312262,0.8363140849642052,0.0012688816053664182,4.965816705499261,152.01239568103298
2025-10-28T11:06:19.504657,Juhu,14.914828689754161,28.55847976344145,0.4342146600433419,0.5146000942652068,0.0,148.6802550628318
2025-10-28T23:06:19.504657,Bandra,8.802032659383213,61.0031592517147,0.8454629625297407,0.8341165114984846,0.0,51.145781896821305
2025-10-29T11:06:19.504657,Bandra,6.796008235401028,28.76156681784014,0.7176463101353228,0.9894169475129024,0.0,152.7629880842287
2025-10-29T23:06:19.504657,Bandra,11.468119730430276,44.95196899502897,0.07529978616035593,3.578388200316663,0.24166152050190165,135.92687769848936
2025-10-30T11:06:19.504657,Juhu,8.983062040824151,77.09015160330803,0.4827193397645217,0.24272509642426232,7.246231467643946,122.89026648982414
2025-10-30T23:06:19.504657,Bandra,13.762175099418037,73.28374576662179,0.9342181811206927,1.2733633745807946,0.0,167.7634371095594
2025-10-31T11:06:19.504657,Juhu,9.427297277561568,25.472407029598415,0.4380760898122852,0.12285217399399402,0.0,108.55149414399192
2025-10-31T23:06:19.504657,Juhu,11.782807127917149,65.52284088803933,0.38606527652016503,0.6199698494488962,0.8777943480896865,132.24738953442255
2025-11-01T11:06:19.504657,Bandra,14.642601992082234,48.41656158847274,0.932235479702653,1.0919061847099694,12.352925148504237,271.2974024355491
2025-11-01T23:06:19.504657,Juhu,13.732740540995765,71.05970997433842,1.1213071839082305,0.7791491016317883,3.272892692834113,196.93362446860993
2025-11-02T11:06:19.504657,Juhu,16.230697546652635,26.656890172579033,1.0009424294028015,0.8412127970078872,0.0,251.97892154030433
2025-11-02T23:06:19.504657,Versova,11.249674623013023,34.46901381158468,0.4769073361008474,1.1149018678964622,10.358846615535835,177.46525443295278
2025-11-03T11:06:19.504657,Versova,16.347469810189356,39.11088484823932,1.235826663537855,0.6641064587952706,0.0,264.92600396236276
2025-11-03T23:06:19.504657,Versova,11.007455614278532,45.05322316253103,1.1694142808538297,1.8878732143364634,0.0,139.44836789335847
2025-11-04T11:06:19.504657,Juhu,15.003919611231677,26.470659635177658,0.5119613784055153,2.7092478233173116,5.6484235860012255,320.5705534461672
2025-11-04T23:06:19.504657,Juhu,12.749787078789568,33.77033950467953,0.5212583627072545,0.07982641381076523,13.787222267000674,183.92511014174676
2025-11-05T11:06:19.504657,Bandra,5.88271346026884,42.703955024818725,0.9700315178552539,0.6286395770831904,3.126509912073227,187.8705495330936
2025-11-05T23:06:19.504657,Bandra,9.426536915464135,41.680032587588755,0.7312839330103653,1.437354090950398,0.0,134.75583621693858
2025-11-06T11:06:19.504657,Versova,14.105872474896977,71.88636415974415,1.1879777830790452,1.740213504623909,0.0,170.8950553549909
2025-11-06T23:06:19.504657,Versova,17.04678703277117,30.398755614937016,0.924576748510324,0.5920061722302877,0.0,236.9317956064092
2025-11-07T11:06:19.504657,Juhu,11.7964013067807,48.10649998398803,0.9194441795367612,0.06710103307627976,0.0,131.37622107155704
2025-11-07T23:06:19.504657,Versova,7.909931226359251,59.51756441107426,0.9563643735078062,0.700199008954799,11.866474755614906,132.63108411712602
2025-11-08T11:06:19.504657,Bandra,13.368716392101943,59.62001253570963,0.9615304871649357,3.4377959932127733,2.324866184193672,241.28733280197315
2025-11-08T23:06:19.504657,Juhu,18.555284685108337,31.265693139934093,1.2871654978433458,0.3281804122525437,3.8316818975890032,212.85808447519477
2025-11-09T11:06:19.504657,Bandra,12.398363445231194,61.227762398343174,1.2136014251910767,0.1514129511221423,19.584743011315,215.28769345456982
2025-11-09T23:06:19.504657,Juhu,10.007386968161306,6.874553559985884,0.9287534359624996,2.140816571436339,8.316375589515774,214.40674278887488
2025-11-10T11:06:19.504657,Versova,11.186055065795108,50.95611763940634,1.4307807304688813,0.023874714135836812,0.0,98.4304677292359
2025-11-10T23:06:19.504657,Bandra,10.155835628204278,32.83309412094755,0.723237643262588,0.3725241729996595,0.0,137.1837618665345
2025-11-11T11:06:19.504657,Versova,13.132894408298728,45.627917310655526,1.282273491919853,4.454216042922717,0.0,177.14285614117009
2025-11-11T23:06:19.504657,Bandra,9.332268933317696,48.88522819358521,0.5841751877659758,1.5343567186246732,14.683241333559591,170.15078369587894
2025-11-12T11:06:19.504657,Bandra,11.910549549993517,75.87395521984828,0.8256165830404876,0.8258669114197816,0.0,153.8521575179385
2025-11-12T23:06:19.504657,Versova,13.148689368633265,58.77967905450108,0.5040192910353535,1.0694862919814825,8.513372439238395,211.21470875707186
2025-11-13T11:06:19.504657,Bandra,10.98148907559034,44.65987851032338,0.9515063264821301,0.06571407730269342,12.045945793683899,237.6009104872025
2025-11-13T23:06:19.504657,Bandra,19.59716280071503,44.58207446790522,0.8379543363709002,0.26187797569397875,0.0,271.7080478370174
2025-11-14T11:06:19.504657,Bandra,13.054274324825956,61.127308493154175,0.6198466945444508,0.05695118266036409,0.0,160.33966127364434
2025-11-14T23:06:19.504657,Versova,11.195817235523663,15.48418204300605,0.867200939999459,1.049685271480305,14.110052073236169,285.31336275279625
2025-11-15T11:06:19.504657,Bandra,16.097596005557968,61.87727664356724,1.077690706036504,0.9939074684261288,0.0,111.66556942719387
2025-11-15T23:06:19.504657,Versova,11.880316848744863,16.915208674768223,0.7597459367969227,0.5522937055209992,5.19358745637888,224.32466811728096
2025-11-16T11:06:19.504657,Bandra,16.648022780313177,24.966669727581497,1.0364430631912833,0.49212613848334685,9.593573595044974,272.08432904404634
2025-11-16T23:06:19.504657,Bandra,10.049052960413722,57.207473994505705,0.7848610857791486,0.010019260310612232,0.0,128.11862970245713
2025-11-17T11:06:19.504657,Bandra,12.293481524123768,57.3114184299089,0.7340468888662453,0.23148220254676272,13.483863719881565,292.15168511069095
2025-11-17T23:06:19.504657,Juhu,9.922947677298618,31.819214502227098,0.6277697974149206,0.06898554632446562,5.364138998913433,141.0884573903729
2025-11-18T11:06:19.504657,Juhu,15.174067164347438,37.00354118627644,0.9607551005014803,0.1227393975766656,0.0,148.5605298674742
2025-11-18T23:06:19.504657,Juhu,14.394179620057027,21.466563418598735,0.7693600825277896,0.9338772630256832,9.899490399685423,282.50055005479487
2025-11-19T11:06:19.504657,Versova,10.412396970565462,49.86787611815391,0.17196831343800245,3.875849787160226,10.623567007229205,289.9665168529302
2025-11-19T23:06:19.504657,Bandra,11.447562552950394,22.396425410306332,0.8819032152483157,0.8810547149463606,0.0,97.70477890176889
2025-11-20T11:06:19.504657,Versova,16.212497820301188,49.68686477700599,1.0863287229757859,0.9361435618369678,16.736984462208632,287.300917668307
2025-11-20T23:06:19.504657,Juhu,13.649049558870779,81.02860198532976,0.4095236051590007,0.8257895573292908,0.0,190.920259565418
2025-11-21T11:06:19.504657,Versova,12.679516056345866,65.80861785289677,0.2134853689045152,2.134607331993112,2.5442645742672076,152.09287828859354
2025-11-21T23:06:19.504657,Bandra,15.784391954598549,26.533877962989322,0.5039734432486291,0.4404446632819212,0.0,219.08130407743883
2025-11-22T11:06:19.504657,Juhu,9.273757257270823,53.713291329140034,0.9860239995339009,0.3178875625462011,0.0,87.36648421747002
2025-11-22T23:06:19.504657,Versova,11.63661562216745,63.149751724429436,0.9988611290313892,0.2386094279113233,0.7559948945093709,17.42719702721601
2025-11-23T11:06:19.504657,Versova,18.18663757211477,47.14339830519192,0.4764461775906209,2.75782178131858,7.6002294244103386,273.122806608013
2025-11-23T23:06:19.504657,Bandra,10.213437628992061,47.83556741382868,0.906444012398036,1.0870367427876684,20.15530261362825,211.20850681922266
2025-11-24T11:06:19.504657,Versova,17.461545300658745,49.84493967863251,0.22366977406011124,1.0551738297831352,7.007660072054852,307.52869912686697
2025-11-24T23:06:19.504657,Juhu,13.331217873809416,35.53447695643513,0.9594469064439974,1.2024002760720882,18.348201445867026,259.9706874346763
2025-11-25T11:06:19.504657,Versova,11.229164624634656,43.471097455430034,0.5733849267968767,0.9408115786691335,0.0,64.14775950451998
2025-11-25T23:06:19.504657,Versova,14.252618338203996,58.08862054211242,1.0916170897219166,0.31152191292121845,0.0,216.45655496003891
2025-11-26T11:06:19.504657,Versova,11.40965715336905,18.020965313884815,0.7074592000370287,0.5762922133820583,0.0,44.34687172944042
2025-11-26T23:06:19.504657,Juhu,8.435554856862566,46.43665815413328,0.8371711640090046,0.8203385671142625,0.0,162.0070156573731
2025-11-27T11:06:19.504657,Versova,10.444991970377743,54.224609871733136,0.886659484105906,1.4138268161482528,11.910858547734769,186.7656547741484
2025-11-27T23:06:19.504657,Juhu,9.987339792327584,62.78205557165954,1.0624232249094412,0.04253598583532388,3.4296353244448485,160.6823143861411
2025-11-28T11:06:19.504657,Bandra,15.666683125064518,52.21972165074163,0.3166491610477343,0.7498860593177868,0.0,226.6956120514026
2025-11-28T23:06:19.504657,Versova,12.039724120582816,37.48861079383058,0.0782861771371065,0.35295804881968185,7.1776540912482325,151.7548070690119
2025-11-29T11:06:19.504657,Versova,13.936888813527167,32.178374669232895,0.9977163031740259,1.1302200365512811,2.769945204271254,262.9203509165611
2025-11-29T23:06:19.504657,Juhu,8.3493098689795,72.2675302707668,0.6184531293182008,0.846794795032674,9.1041849968557,142.91235148055043
2025-11-30T11:06:19.504657,Juhu,16.177964664852155,66.82298185071005,0.7127788340586557,1.6018877017963211,0.0,161.2150795176674
2025-11-30T23:06:19.504657,Versova,11.373994886338602,38.74663108535285,1.0573696475874028,1.9451136646472948,5.535695310677933,149.4248266135394
2025-12-01T11:06:19.504657,Juhu,11.490540943430524,41.04779043956635,0.3159621775587104,0.8947766995811239,13.99696138972348,272.66855654422443
2025-12-01T23:06:19.504657,Juhu,15.388963646160924,48.13762295521546,0.7502841713979727,0.011074454362279539,0.0,127.81888797791686
2025-12-02T11:06:19.504657,Juhu,11.174979806545647,58.090115054462785,0.8279476339752958,0.0038376448485142114,10.841982440435427,231.3699574373735
2025-12-02T23:06:19.504657,Juhu,13.655859443987351,51.855928438543174,1.2739199232583673,8.300322992672262,0.0,176.3374075447273
2025-12-03T11:06:19.504657,Versova,13.01562907722155,20.759564663911753,0.8974870103175143,3.293912840935231,0.0,151.4925010467648
2025-12-03T23:06:19.504657,Versova,9.684777556209653,35.04076306364316,0.646239766806035,1.574264055970239,0.0,145.84256786366
2025-12-04T11:06:19.504657,Bandra,11.083589912256395,46.9661541677658,0.2466271306668235,1.6434387178124032,1.2613151584601572,123.85723940612934
2025-12-04T23:06:19.504657,Juhu,14.999144409796322,27.03661233695771,0.8782469503032598,0.05630052785130967,0.0,166.53112031917803
2025-12-05T11:06:19.504657,Bandra,5.396269579647245,14.173762438457729,1.0026829884509174,0.5108750182963661,1.9405506638375492,137.45511547266716
2025-12-05T23:06:19.504657,Juhu,10.381226337788606,62.8982111205365,0.31039553449207485,0.6299608271541199,0.0,96.3002348736961
2025-12-06T11:06:19.504657,Bandra,11.122108139009384,48.493093612779354,0.5365157563012959,0.9884954325581534,5.745173406171817,75.04750079354962
2025-12-06T23:06:19.504657,Versova,12.75646651700286,70.22027953160016,0.8469960669811221,1.6478474827222866,0.0,127.30836553263443
2025-12-07T11:06:19.504657,Versova,12.03979392925192,47.94004098570195,0.9968669412607293,1.6577225188491704,7.529226652878308,254.06998531788332
2025-12-07T23:06:19.504657,Versova,10.42692013295525,55.77633856362246,0.9979099309792395,0.5191957198038394,0.0,169.83388654517734
2025-12-08T11:06:19.504657,Juhu,12.069587935672125,19.36297193114674,0.32092750036383777,0.11215217083810824,0.0,194.49746189424658
2025-12-08T23:06:19.504657,Juhu,16.77885359462667,58.277281798633496,0.8297555269933183,0.4019591824590862,16.83058936402732,313.1961227770386
2025-12-09T11:06:19.504657,Versova,14.641399083134703,31.011709197534252,0.8485095580114259,0.2571640118702838,10.921029610193338,190.52766385742447
2025-12-09T23:06:19.504657,Juhu,8.162515753937008,32.88263107673414,0.8607992493390385,0.26647235815442405,2.402024285639563,150.71466982670074
2025-12-10T11:06:19.504657,Juhu,9.310246759632165,51.11128768714102,0.42385855186999755,3.169594192177082,0.0,127.8845898856923
2025-12-10T23:06:19.504657,Juhu,8.251000656150811,21.130051182009453,0.7448085196875214,0.19922770122978056,0.0,194.28198244327314
2025-12-11T11:06:19.504657,Bandra,11.601917335418785,30.81137685343048,0.993378629724553,0.38814551496387395,6.837095369080293,193.198370048027
2025-12-11T23:06:19.504657,Juhu,11.815145865623183,69.58100612695232,0.8428728162914522,0.648266027924639,21.31770082062164,340.6608450159279
2025-12-12T11:06:19.504657,Bandra,13.97072363688202,15.866371173518363,0.6735217812327191,0.22260821450245757,1.0705745299229676,160.06897689757892
2025-12-12T23:06:19.504657,Bandra,9.968391359760899,69.9956551563538,1.0556648019734045,0.47349578659027247,0.0,60.21942989373783
2025-12-13T11:06:19.504657,Bandra,16.569680121536518,26.409338455100023,0.8216907088070391,1.6722690242529112,0.0,217.02534546468186
2025-12-13T23:06:19.504657,Versova,11.695325388982345,35.354555795969674,1.2014081488345763,1.0164976128949628,10.075806827627332,194.6001320995531
2025-12-14T11:06:19.504657,Versova,11.1674591434193,5.415882815186734,0.7193251415906596,1.4537344578667664,0.0,140.21594304655332
2025-12-14T23:06:19.504657,Bandra,14.856090394311904,91.98198517575557,0.9947826729593636,0.1590132637658104,0.0,145.69239978331575
2025-12-15T11:06:19.504657,Juhu,14.263622340044709,41.333985809476054,0.7940616966437877,1.7114608427343396,6.196889216121123,122.75398615538343
2025-12-15T23:06:19.504657,Versova,9.360607701276358,15.811554830337052,0.19621342504406902,3.4727319044840095,0.9945189691266045,224.66032537639512
2025-12-16T11:06:19.504657,Versova,9.866667556340834,73.1446002276727,0.4374228427272974,0.6364198739911916,4.308624190150374,92.26697056746238
2025-12-16T23:06:19.504657,Bandra,14.94124099796678,52.994130788824464,0.5488274319183933,0.47643359029438415,0.0,136.72510682097604
2025-12-17T11:06:19.504657,Bandra,10.925464787586764,48.308073205994084,0.38539472939226876,2.7306339108157363,2.9556060178674577,182.85469767832967
2025-12-17T23:06:19.504657,Versova,10.482821991208986,68.53393986335382,0.9034008557987708,0.4288789565375368,4.044511986639568,117.36548571888244
2025-12-18T11:06:19.504657,Juhu,13.467162400111086,23.964991398154996,0.12088141721107293,1.2233562929987305,0.0,201.01314971819448
2025-12-18T23:06:19.504657,Bandra,13.324885945256748,36.64788064456243,0.5944248357388713,0.47290483812398454,12.23931818468504,222.88059468740116
2025-12-19T11:06:19.504657,Versova,10.015375672454125,75.98340631558807,1.0370378637856472,0.021282661233718324,7.502514459739312,137.8258721743129
2025-12-19T23:06:19.504657,Juhu,11.518741854073957,95.01800995868564,0.48330815306042113,1.098738862867656,0.0,176.0852308388997
2025-12-20T11:06:19.504657,Juhu,7.11634218313435,67.13727178520718,0.7581665880774653,2.488446264067797,0.0,130.01359622055676
2025-12-20T23:06:19.504657,Juhu,16.921191842799118,21.36953676670746,1.2353763970863838,0.020550810635365686,0.0,199.97837920746016
2025-12-21T11:06:19.504657,Juhu,7.647216326666327,60.415376128702775,0.814660754991546,0.6612549796715198,0.0,93.75983115486092
2025-12-21T23:06:19.504657,Juhu,18.52113041865823,10.10699519402695,0.5115896393241699,0.01529050527395435,0.0,197.20902854334145
2025-12-22T11:06:19.504657,Bandra,6.860289352354021,50.46236868587288,0.5005363224465784,0.034899878772847934,0.0,82.06871152913222
2025-12-22T23:06:19.504657,Bandra,11.030010627613057,45.288958867045125,0.9932607832088471,0.06004229930721327,0.0,123.92689202234585
2025-12-23T11:06:19.504657,Versova,12.075872098004028,8.069195140681977,0.6906542658990916,0.03350287417073731,6.708084920959161,323.89078769472394
2025-12-23T23:06:19.504657,Versova,10.34046826395819,39.9209658720553,0.5738413658927116,0.4411801175497202,3.826535514774916,214.9212129217949
2025-12-24T11:06:19.504657,Juhu,12.959369983668099,19.306125978482914,1.0646901138637084,3.4339258008020574,0.0,73.99381642723914
2025-12-24T23:06:19.504657,Juhu,13.458505793899501,38.49402151352872,1.2859439702726965,2.504518128404936,0.0,110.47707411420456
2025-12-25T11:06:19.504657,Versova,10.864260770360538,48.675987459868594,0.6756830624104302,0.8483926785528504,10.386060692088165,222.35949505878315
2025-12-25T23:06:19.504657,Versova,12.3258705023315,41.58519398971437,0.7885427691394326,0.18916396977476804,0.0,164.8146047007656
2025-12-26T11:06:19.504657,Juhu,12.587016922905917,76.67097819553877,0.848858025159497,0.0050917539815758025,6.713973713412848,263.72126794135767
2025-12-26T23:06:19.504657,Juhu,9.778529681003524,62.29648876982023,0.8454209143855198,1.4016667653141541,2.984518139814398,133.4060629343905
2025-12-27T11:06:19.504657,Bandra,7.614018660519367,65.9384547931177,0.40888261069248016,0.273462140291274,8.292209312684559,130.6787443513822
2025-12-27T23:06:19.504657,Juhu,12.224583918750087,71.37235852438948,0.221065930458492,0.869809389630641,0.0,120.66561438417646
2025-12-28T11:06:19.504657,Versova,16.704547288581978,66.44393431876975,1.10366732703615,0.053365015901541454,0.0,257.1333817059333
2025-12-28T23:06:19.504657,Versova,11.680412684417751,12.608879424651889,0.7176193020438684,1.3851979495329774,8.731831407786059,214.2066752060251
2025-12-29T11:06:19.504657,Juhu,9.232761045468141,30.896359519491426,0.9976441924651694,0.6960342916530159,0.0,42.460610757476886
2025-12-29T23:06:19.504657,Bandra,11.533896797429032,5.319121936238737,0.028704157173450318,0.19332242405373368,0.0,117.56326401535159
2025-12-30T11:06:19.504657,Juhu,10.105292752414275,50.990329290216984,0.6649350756684793,1.4169531478320796,1.499186534818738,146.34778518261453
2025-12-30T23:06:19.504657,Juhu,11.428062192153991,14.55348169213789,1.0713489924147865,1.0104354271584393,0.0,129.94993054636694
2025-12-31T11:06:19.504657,Juhu,13.475006496029073,33.71607640279027,0.35178866201307485,0.4831528522947882,0.0,235.30354597918677
2025-12-31T23:06:19.504657,Juhu,13.178800382764255,54.88510845761215,0.9326984932996979,0.5774725044208275,0.45442732332221314,189.55934453976764
2026-01-01T11:06:19.504657,Juhu,12.130071638231788,42.90064584872752,0.983837222474987,0.009353902421948293,0.0,141.85866621701362
2026-01-01T23:06:19.504657,Juhu,11.1349143563293,61.91593712714423,0.9305989508793024,0.17981846579789978,0.0,215.31776773310247
2026-01-02T11:06:19.504657,Juhu,14.478086375120345,47.57257381308854,0.6963000875971992,1.9861025940902906,3.9457998548421935,193.9461680780536
2026-01-02T23:06:19.504657,Juhu,15.688104943079576,40.58899286042924,0.8568548589431763,0.5024362234379562,6.336855319730593,208.46546374251716
2026-01-03T11:06:19.504657,Versova,15.246488332531204,36.0407732310005,0.43555815923340707,0.6633141241161319,0.0,130.95070280526002
2026-01-03T23:06:19.504657,Juhu,12.62820408599377,33.78088045223136,1.2526820792720637,4.90596702651098,0.0,155.54018041835317
2026-01-04T11:06:19.504657,Juhu,12.435731850220364,51.767148838719194,0.5022265979813532,0.2329714894994462,30.89889607686385,411.5950853175621
2026-01-04T23:06:19.504657,Versova,10.848375776007652,49.04560815242438,0.7946315068974951,0.17520297316816424,0.0,17.581630953062188
2026-01-05T11:06:19.504657,Versova,11.3720501501355,55.28514157225369,1.1567998502937453,0.3466188243435163,14.869317719302071,201.83746587959698
2026-01-05T23:06:19.504657,Juhu,10.44399984113637,62.06403090103109,0.8088291775032657,0.36137314330720743,5.166444459359672,139.13996983041807
2026-01-06T11:06:19.504657,Juhu,11.44234369178131,46.56240139192198,0.9036866355827954,0.1277445787783604,8.056405417070154,182.7560420244139
2026-01-06T23:06:19.504657,Versova,7.52603936597635,78.00340519664022,0.9724575487047209,1.3580228976898665,0.0,38.00178450726237
2026-01-07T11:06:19.504657,Bandra,14.173262114197739,74.86948426946009,1.4356925440754296,0.2087292006920273,12.89563224165446,276.0639708459665
2026-01-07T23:06:19.504657,Juhu,20.44795771116819,357.18435691349526,0.7011488598091623,0.6363604968270752,0.0,263.4303976740445
2026-01-08T11:06:19.504657,Bandra,12.418493388442377,49.478381995071885,0.640688914814695,0.19368503690680294,9.880216735158562,281.00602043337835
2026-01-08T23:06:19.504657,Juhu,10.76844455181081,81.3779706440065,1.1531554889553017,0.6541860003869984,1.3674664739923068,137.20587519365992
2026-01-09T11:06:19.504657,Versova,4.985482638920189,25.54837062068634,0.810855183186981,1.1844065890610629,0.0,74.72062382620643
2026-01-09T23:06:19.504657,Juhu,9.162410076311026,50.19915987287382,0.815963659131062,0.5154789906474706,0.0,71.78851572779227
2026-01-10T11:06:19.504657,Bandra,12.528451355663076,75.64999550931942,0.8030439577231323,1.8409899600651505,18.573162007451604,370.4141403397441
2026-01-10T23:06:19.504657,Bandra,10.209315645804086,11.510610790935097,0.7672929740109609,1.6620959825323167,0.3437530902646009,45.34988377289952
2026-01-11T11:06:19.504657,Juhu,12.873020587391443,39.74434076098765,0.8663527936188373,0.018552019203325647,0.0,208.02920359676017
2026-01-11T23:06:19.504657,Versova,14.017877282615856,80.41411301467599,0.28455875288718935,0.24438541562489988,0.0,187.35368002331495
2026-01-12T11:06:19.504657,Bandra,8.41032621414994,6.057692465307618,0.5317575683584469,0.725948933114724,10.858983828772914,135.03528632869518
2026-01-12T23:06:19.504657,Juhu,9.235646929713237,33.69214059429197,0.8729403965415468,0.21844744740113092,0.0,66.57961409222153
2026-01-13T11:06:19.504657,Juhu,16.71691876855733,48.563648921157025,0.4539596016046071,0.7489736429300146,3.3806691213965,263.6918545494869
2026-01-13T23:06:19.504657,Versova,7.874324646113382,41.420331172166186,0.7524046449592964,0.2581671248112702,2.1757953634296223,80.51594949861357
2026-01-14T11:06:19.504657,Juhu,10.84037515230672,39.62745656226821,1.2501261313064447,1.4008401661794525,4.694549688057314,205.48237276381704
2026-01-14T23:06:19.504657,Bandra,10.712862156401261,54.3881771239141,0.7694524802718714,1.1300309840802423,9.668095709841193,165.9203401633345
2026-01-15T11:06:19.504657,Versova,11.981394925700773,15.424457523074288,1.3016797712292583,0.255159511425464,0.0,60.59691396699438
2026-01-15T23:06:19.504657,Bandra,10.627660193396006,47.20746959865753,0.8388821116913634,2.0285670841332393,9.05989689360005,227.1083909304579
2026-01-16T11:06:19.504657,Versova,13.021614172117271,65.44896545711849,0.6399704760147528,0.03911913412253491,0.3754184148682145,214.04858000869794
2026-01-16T23:06:19.504657,Juhu,14.38847219812635,53.94705345340361,0.8414604161212077,0.008040378055314205,0.0,153.07378360130141
2026-01-17T11:06:19.504657,Bandra,12.633842173324657,78.42695150874953,0.5295872960308476,0.5462741105691282,1.0103348798279619,185.89910051628482
2026-01-17T23:06:19.504657,Bandra,11.295227185437076,27.129698149614395,1.0393552104146417,1.9740983706146906,0.0,125.48787218419267
2026-01-18T11:06:19.504657,Versova,13.458513724397623,70.0456732391328,0.8483898627988086,0.1336330090288986,1.6306634388557761,122.09025847324715
2026-01-18T23:06:19.504657,Bandra,8.614617165047628,61.6220488229132,0.8476461724295089,0.2057133940350154,9.913271925907758,181.9888237004722
2026-01-19T11:06:19.504657,Juhu,7.371823471553614,43.639543764274514,1.270690960684719,0.41206556008779166,16.182259607018274,236.03103672552405
2026-01-19T23:06:19.504657,Juhu,11.52647393687975,34.27836409758293,1.66751089698703,1.3042173798349461,2.7835816644536275,228.45915730980434
2026-01-20T11:06:19.504657,Juhu,7.258188177572493,59.62217062025128,0.6567485157750718,0.5577525064214783,0.0,16.857747123007556
2026-01-20T23:06:19.504657,Juhu,12.00332983406188,14.111323035035113,0.9478651915555609,1.556089601000968,8.336032048373484,163.57591424463106
2026-01-21T11:06:19.504657,Juhu,6.8484699904131485,58.74334557081933,0.6858522693347668,1.47745808128282,15.283205860683708,186.58085775632367
2026-01-21T23:06:19.504657,Bandra,14.109195440223305,34.446296111660814,0.8770872314551834,0.525816148607665,1.1758168066188652,159.06344532716918
2026-01-22T11:06:19.504657,Versova,18.16145607025979,61.59886427693685,0.4530315190577038,0.7821433314429879,4.087513488702921,180.44701880919968
2026-01-22T23:06:19.504657,Versova,9.691219606493078,51.520887527317186,0.8007506900951369,2.245255645894845,18.090667486444097,306.53914432936494
2026-01-23T11:06:19.504657,Juhu,5.538808278625616,24.303701369654824,1.1177581145370645,0.531192577067937,23.051638587541415,243.0243858295211
2026-01-23T23:06:19.504657,Juhu,9.004677441369845,77.46513381056107,1.3974111255250714,0.5403373144728948,3.929135105482163,150.46536636878795
2026-01-24T11:06:19.504657,Bandra,17.238461338653174,58.223180410496596,0.7751402792459627,0.049020943929423154,1.1104015097090671,222.9101245688608
2026-01-24T23:06:19.504657,Juhu,14.29318803983109,27.509524146178713,0.5287191805810919,1.5442397047356482,0.0,207.26446693496206
2026-01-25T11:06:19.504657,Bandra,11.239439562776768,24.493322189350945,0.9678011973583016,0.980283798382421,0.0,108.22815205834382
2026-01-25T23:06:19.504657,Juhu,13.921688259220572,38.26196474548081,0.7706141762044476,0.03986275265857526,12.301705879970664,242.01457380693836
2026-01-26T11:06:19.504657,Bandra,12.437614695455027,43.82559145790743,0.9339609520822135,1.9735216622952034,0.0,170.43215048537675
2026-01-26T23:06:19.504657,Juhu,15.96437632762801,22.707491940407444,0.4992451191307839,0.5210611291235151,0.0,203.6366085054225
2026-01-27T11:06:19.504657,Versova,9.140882525357132,12.28841946367504,1.0903836539422818,4.110309307630575,0.0,136.07106244306166
2026-01-27T23:06:19.504657,Juhu,14.835219803607274,47.73499219875264,0.44344975037763956,1.4104471000863732,0.0,142.0420935181575
2026-01-28T11:06:19.504657,Juhu,12.952287591442046,62.250869692303404,0.29150796844501625,0.07497071927568316,5.886354597962726,239.31040213086192
2026-01-28T23:06:19.504657,Juhu,11.714422644245985,43.485296344434786,0.5734554386820414,1.896703347722691,4.863732543013827,226.14334106285992
2026-01-29T11:06:19.504657,Juhu,13.476020730946304,0.1830651195452333,0.8016907490890559,0.32493645901694934,13.771809365045613,324.51323133190976
2026-01-29T23:06:19.504657,Bandra,15.55176145155412,31.16137355322718,1.0987680246767735,0.7503782969627992,1.5960824740083148,335.24228422016097
2026-01-30T11:06:19.504657,Bandra,13.7942974651424,7.927929660767077,0.8606496133123679,0.31047218966968454,14.645135502668566,389.2631785506717
2026-01-30T23:06:19.504657,Bandra,12.540213113087944,39.541333595489746,0.5492932984939892,0.36562811166817644,10.972201916064384,223.02282093341887
2026-01-31T11:06:19.504657,Juhu,13.60363084036857,48.699411501463125,0.9358269056230084,0.5351692268984365,0.0,231.03645346160312
2026-01-31T23:06:19.504657,Versova,7.99029449905524,71.73314715517967,1.2645917885072109,0.7708475462878865,3.202165779488289,60.51340559761
2026-02-01T11:06:19.504657,Juhu,10.02836487536673,32.51945003368755,0.8344672123506077,0.15616236385359533,0.0,142.76341801618258
2026-02-01T23:06:19.504657,Bandra,12.101169308764126,51.05766553438605,0.9195344136536002,0.1504980203928479,2.4540406120581153,157.46366162514408
2026-02-02T11:06:19.504657,Versova,9.386420909977108,72.5683357603181,0.7496583365760601,0.19801849061389468,0.0,136.16840910149668
2026-02-02T23:06:19.504657,Bandra,12.699128854588452,30.638704327634713,0.6236431085276,0.9257229351685649,2.3061084876621445,200.9658746942179
2026-02-03T11:06:19.504657,Juhu,9.820922076068559,91.756554907766,0.5417729594894541,0.18786498604544336,0.0,171.97908903232874
2026-02-03T23:06:19.504657,Versova,11.535749763813744,23.80150188414278,1.6125384754159378,1.1077054235824304,8.078709144721968,213.74727825163336
2026-02-04T11:06:19.504657,Juhu,13.38861862833972,54.245249289084086,0.4302271836153554,0.09180573344780919,15.30334564354411,244.64447806403288
2026-02-04T23:06:19.504657,Versova,12.063520760633631,52.3420370500786,0.955105069272665,1.0442140430275275,4.373237824293146,165.6452650433734
2026-02-05T11:06:19.504657,Juhu,5.772496807782307,28.956011839296416,0.4558521466964866,0.4067889899433012,0.2846344841915499,74.66745706612272
2026-02-05T23:06:19.504657,Versova,12.555203491355883,57.08826325127361,1.0710838274882917,0.33801547288782385,0.0,113.74615841909853
2026-02-06T11:06:19.504657,Juhu,7.2388540379081885,71.55230903210611,1.4627551900066038,0.24759045814479716,18.921917608330677,195.2935845777145
2026-02-06T23:06:19.504657,Bandra,10.533023131264574,32.68525083581587,0.5847823509021706,0.11315891223484491,0.0,163.19166107250524
2026-02-07T11:06:19.504657,Versova,13.34545636258932,15.351717178822547,0.6872192840259262,0.7255585572885688,1.4342656685749322,218.82361379051088
2026-02-07T23:06:19.504657,Juhu,8.056087812623984,9.548428692770912,0.6909160112295147,1.943023943697275,17.111072916770503,235.1790159570718
2026-02-08T11:06:19.504657,Bandra,13.315238098489935,15.4543858573575,0.2968126195822549,0.13413063639564216,20.78414239014391,344.84722262878125
2026-02-08T23:06:19.504657,Versova,16.774201103288412,62.534283727722325,1.0892467652515936,0.8400687394105782,0.0,169.1357799277156
2026-02-09T11:06:19.504657,Bandra,11.695092456812842,62.916725847079334,0.9414456656081689,0.25938176523546036,0.0,178.9019348117487
2026-02-09T23:06:19.504657,Versova,3.8621623085686867,42.01088613670022,0.3707506395125985,0.14661212215811548,0.0,0.0
2026-02-10T11:06:19.504657,Bandra,15.067538381088049,50.777158083953516,0.7874882431743798,0.35347172782089326,13.713873238832617,317.0157230931136
2026-02-10T23:06:19.504657,Bandra,18.875733800456057,82.34924008322702,0.45138025392311515,1.0419171184028233,15.821167513035672,466.27469433482213
2026-02-11T11:06:19.504657,Juhu,6.415546648333535,35.46897153561517,0.4086231668598583,0.38067850212176846,0.0,63.378901928124534
2026-02-11T23:06:19.504657,Juhu,10.94487853085913,41.27818043435121,0.7542714555060986,2.2682247391877763,18.64370556915413,289.4194742471121
2026-02-12T11:06:19.504657,Juhu,12.691746922586672,48.86016380664094,1.0893805271911081,0.24993373772953253,8.293237725828623,188.3139573406345
2026-02-12T23:06:19.504657,Juhu,10.630508104594915,70.68874105554768,1.113153632651801,0.5325791751793214,0.0,98.65886535270765
2026-02-13T11:06:19.504657,Versova,12.157579104645949,72.33949292404827,0.966227632101178,0.5919811515174066,21.795426399757755,302.5883895435995
2026-02-13T23:06:19.504657,Bandra,15.997654402995384,63.5786402706443,0.6185279708215476,1.7248569528353002,4.977883094177774,265.67975355782784
2026-02-14T11:06:19.504657,Bandra,16.21911121504948,33.60602074148537,0.69265161996762,0.7128542289017165,0.0,252.84975451920016
2026-02-14T23:06:19.504657,Versova,17.875495205636984,61.761539361633496,0.6635089061118866,2.347385142258303,0.0,257.6074282432085
2026-02-15T11:06:19.504657,Bandra,15.33509560693232,32.99228614257788,0.8418961068696053,2.2421881466178837,20.350091093347892,375.94314845657914
2026-02-15T23:06:19.504657,Versova,10.912957327361694,59.83644588780253,0.7724094601390861,0.9120648626902552,0.0,131.6271772285708
2026-02-16T11:06:19.504657,Juhu,10.631685450750702,41.12929026806926,0.7628407675469552,0.30004529480066017,0.0,162.61764315465612
2026-02-16T23:06:19.504657,Versova,14.431733760990015,63.01415438083991,0.524538988144702,0.23699743942384613,6.40960799203096,173.63272071747343
2026-02-17T11:06:19.504657,Versova,14.096447010841429,63.364985074592056,0.6562135288285564,0.35335719033616547,0.0,190.31090017850244
2026-02-17T23:06:19.504657,Juhu,9.738325414335925,26.880697173646016,0.5831344396771506,0.3190483858993221,0.0,107.37516218227574
2026-02-18T11:06:19.504657,Juhu,7.677055096425244,65.67659300665456,1.0704576518310074,0.3616820755673141,0.0,50.42740466466042
2026-02-18T23:06:19.504657,Bandra,12.817663240557819,32.22951224091163,0.8483126394217944,1.851744832078157,0.0,189.87673293129077
2026-02-19T11:06:19.504657,Bandra,4.645390816773368,63.909015565329874,0.6134017576467035,0.3174577661364665,0.0,90.67836169983116
2026-02-19T23:06:19.504657,Bandra,13.20883372051081,54.14080131192734,0.37216588485706864,0.5210142394823565,0.0,135.26873168485008
2026-02-20T11:06:19.504657,Bandra,13.857098839765598,34.248461179985114,1.1369117892894396,1.027808042319149,0.0,156.99547043107788
2026-02-20T23:06:19.504657,Versova,13.241481969429957,55.47999448890701,1.042720177653464,0.7624511202227842,0.0,159.5766846614984
2026-02-21T11:06:19.504657,Juhu,10.04737388191276,26.482201922177,0.7658999932755695,1.2293686289535914,9.733659524856144,235.77940308039905
2026-02-21T23:06:19.504657,Bandra,8.689771595670273,35.1336329871845,0.3857497640074024,1.9666381299462214,11.446793456301878,196.72827613290912
2026-02-22T11:06:19.504657,Versova,8.952093909095666,44.733343059270766,0.697188033916021,0.40551686662245734,21.458249250764887,203.8719091407093
2026-02-22T23:06:19.504657,Versova,13.188096538628784,31.39300350994527,0.7390662053820761,0.3319805566056354,0.0,243.9632461863681
2026-02-23T11:06:19.504657,Juhu,13.207197291591035,40.073294376403034,0.10955848469900398,0.37656012631655095,0.0,137.36162004685474
2026-02-23T23:06:19.504657,Juhu,15.356683793792008,70.48856853375163,0.7484979038225651,0.8815585640314226,10.984848760518187,278.030237625048
2026-02-24T11:06:19.504657,Versova,13.29403529963329,41.49934923413047,1.0391627358791817,1.3792540682180447,0.0,142.7776617902685
2026-02-24T23:06:19.504657,Bandra,8.199309861220218,53.7733592511652,1.310469821015857,1.4714679532615205,0.0,8.65612513197992
2026-02-25T11:06:19.504657,Bandra,11.988587598987602,44.72763045330951,0.6859987282892857,0.40199552332698024,0.0,201.3983359033188
2026-02-25T23:06:19.504657,Versova,12.350490522516552,19.28817998487945,1.0640197888872027,0.12549369577136735,0.0,84.2861922327946
2026-02-26T11:06:19.504657,Juhu,14.769039710683497,37.6864583493896,0.9512812244115152,1.5067545476034818,3.5964915788211584,217.68020986226762
2026-02-26T23:06:19.504657,Juhu,10.78506019499318,51.42304000353712,1.0818792115615596,1.1742566237504217,0.0,184.23004953403728
2026-02-27T11:06:19.504657,Bandra,11.250216189357324,64.32081596114725,1.2071973985779327,0.4683070110826722,4.91445510894402,165.20571865316796
2026-02-27T23:06:19.504657,Bandra,8.083170943031465,31.450576490445467,0.48681081123442027,2.260032624606227,5.928326159259887,171.5294621919025
2026-02-28T11:06:19.504657,Juhu,10.18928664257589,28.712036251073524,1.2502529090841135,0.5146574191867483,0.0,74.01850869771431
2026-02-28T23:06:19.504657,Juhu,16.59901185218082,69.25475028524859,0.6124366912852582,1.0769006115302127,0.0,186.89082424135634
2026-03-01T11:06:19.504657,Juhu,11.124408452580717,36.959907673225594,1.0163679631246214,0.001813677588573503,0.0,75.44635031225039
2026-03-01T23:06:19.504657,Versova,7.672551223221159,47.30003055704914,0.4283229039311733,0.01992289592059979,0.0,112.69809141032556
2026-03-02T11:06:19.504657,Bandra,9.698038574293033,34.604504207399394,0.4264896622245928,0.38079838270690136,0.0,168.07913874737318
2026-03-02T23:06:19.504657,Bandra,16.227535180807763,35.25143574980129,0.9896479458092331,0.6303394347855007,0.0,208.2306865969203
2026-03-03T11:06:19.504657,Juhu,12.748983535527724,3.5764023483906726,1.0980003504823306,0.7063337421787874,0.0,187.31782143956852
2026-03-03T23:06:19.504657,Versova,13.839522005674704,52.70938951696487,0.7147129668339985,0.8014395246358925,7.534043708791854,186.05179901269187
2026-03-04T11:06:19.504657,Juhu,11.002261860450375,50.60248004839271,0.2135957013203741,0.39193338698508523,0.0,85.4777477705059
2026-03-04T23:06:19.504657,Juhu,14.873981824440058,58.2709123699687,0.49217574674131276,1.238472005559095,3.8142561753434197,127.96594372892173
2026-03-05T11:06:19.504657,Versova,9.235040640665213,72.93108979495031,0.4502435695953737,0.04144300533086447,12.914822314093845,190.09138426233667
2026-03-05T23:06:19.504657,Bandra,15.196128816778808,39.83908968777677,1.1805749706942408,0.08948667746268846,4.91412756355527,250.52319986412118
2026-03-06T11:06:19.504657,Versova,9.911939515197144,20.5355953987614,1.227388319623173,0.9454488601481731,0.0,188.29198719996072
2026-03-06T23:06:19.504657,Juhu,8.653125262530189,44.68041114232172,0.8943201262181546,0.17858337669251512,8.126103038932778,110.62833284320264
2026-03-07T11:06:19.504657,Bandra,13.203193844832853,55.78106100811642,0.9690792359719902,0.13647073840250562,2.844919354094952,215.179517435524
2026-03-07T23:06:19.504657,Juhu,5.822401470694068,10.482806434503821,0.7579437105981075,0.7357917446074899,0.9807792046639253,98.40687619989106
2026-03-08T11:06:19.504657,Versova,13.039913183342383,40.55043733400284,0.8204368550421955,1.76334846865214,0.0,206.31061926881753
2026-03-08T23:06:19.504657,Juhu,10.41323249284407,35.16242615900693,0.528826350451197,0.7103724707000952,0.0,40.96187354736793
2026-03-09T11:06:19.504657,Juhu,11.46752434867715,41.400865963934386,0.9956979607484695,0.08192838094551949,5.568494019360792,80.95184002713673
2026-03-09T23:06:19.504657,Bandra,11.67558302882575,67.24201238442677,1.0055870254132904,1.6249355952375757,14.02009325919122,331.3125476974558
2026-03-10T11:06:19.504657,Juhu,10.984692645555542,28.65774395051382,0.6399962719930392,0.4084769968169923,13.264667821385604,334.4565395338101
2026-03-10T23:06:19.504657,Versova,11.60099050820981,18.582154349876777,1.442902116375473,1.7721491170512849,0.0,79.00099905725925
2026-03-11T11:06:19.504657,Versova,12.662692968244162,60.51292985587486,0.7098229175934148,0.6357717274426875,0.0,206.01302052882704
2026-03-11T23:06:19.504657,Juhu,16.373763072356343,63.04215037486219,0.8744864754652563,1.9875628961851988,0.8002895760211147,177.3540459776964
2026-03-12T11:06:19.504657,Versova,11.75088169086303,4.315022809781539,0.42732523055926325,1.3607992204454207,0.0,214.2228790904501
2026-03-12T23:06:19.504657,Juhu,12.005610551675629,9.022426814522078,0.6632086346058372,0.3915315446962712,0.0,111.59748196440805
2026-03-13T11:06:19.504657,Bandra,12.415367025583018,43.80691376015617,0.28950024251377515,3.7101982542723113,9.690405516353497,160.0498390782446
2026-03-13T23:06:19.504657,Juhu,6.410056805088017,65.35459752219626,1.0531263415122112,0.45727422037311805,0.0,122.24500025078385
2026-03-14T11:06:19.504657,Juhu,10.649797397057775,0.3935915045394296,1.364241055637995,0.23482117200571417,0.0,138.60425125712308
2026-03-14T23:06:19.504657,Versova,14.202203735567588,60.307076788321,0.524312649590139,1.3699969486056744,0.0,151.90968674589033
2026-03-15T11:06:19.504657,Bandra,5.094073723356955,30.877427756277893,0.6945389371254187,4.258637328339708,0.0,62.74149222033151
2026-03-15T23:06:19.504657,Bandra,11.937392210813364,10.125205941000736,0.40986992588849164,0.4061877367051846,0.0,190.18491488761714
2026-03-16T11:06:19.504657,Versova,15.624740020630671,27.930090398773167,0.5991689259099529,1.0613832045845761,0.0,176.559615170904
2026-03-16T23:06:19.504657,Bandra,8.780765614709422,29.17477697386396,0.9624066292944587,1.0112027697881802,0.0,129.2381940283133
2026-03-17T11:06:19.504657,Bandra,12.622930499551067,19.614177895137917,1.2608470318564837,3.142254438419255,2.3125774718408367,181.43339922017918
2026-03-17T23:06:19.504657,Bandra,12.60606470951375,77.00247372960436,0.9323943068183816,0.10657079683517474,1.350521594576307,208.06478758233084
2026-03-18T11:06:19.504657,Versova,7.318385135962188,36.05564370542288,0.2812702467703849,0.18765874839202423,3.8574996818169485,154.75191275300728
2026-03-18T23:06:19.504657,Juhu,16.514163880165352,47.409327046829986,0.697431987167597,0.6733528881305466,0.0,191.86308985921468
2026-03-19T11:06:19.504657,Versova,9.190508832244378,46.79044101521303,0.8201610358130634,2.8325185279544405,0.0,159.4833812672022
2026-03-19T23:06:19.504657,Versova,12.048374363701416,47.86612610000007,0.6452284060602981,0.5525035968170129,0.0,91.75409539177997
2026-03-20T11:06:19.504657,Juhu,9.100862718623793,70.01290686697556,1.124605171749475,1.5463159336663315,0.0,74.66252196324024
2026-03-20T23:06:19.504657,Versova,15.402742712621635,41.957191332064575,0.6499163326985014,0.3058557559858983,0.0,135.08007920449705
2026-03-21T11:06:19.504657,Bandra,10.690452340871197,57.17369483337802,1.1325312824642115,0.11405626697977242,19.2095466708025,276.4972703714219
2026-03-21T23:06:19.504657,Juhu,14.053983691631235,66.39826870821943,1.0190851457920893,0.018196567722321363,2.4100025339724565,259.7342908775699
2026-03-22T11:06:19.504657,Versova,12.854263780156705,38.820778383765216,0.7002979485242382,0.3359782990254709,10.391097675164518,265.5644942127053
2026-03-22T23:06:19.504657,Bandra,13.704820131458353,66.72761422411676,0.9000109553782635,1.624782666674772,0.0,103.49324278669634
2026-03-23T11:06:19.504657,Bandra,7.31850552637693,42.68180106300262,0.9121345202096479,0.0681653763254437,0.0,131.51222682488162
2026-03-23T23:06:19.504657,Juhu,14.453266528719574,20.788242463617625,0.9410327627587081,1.1515164502648882,0.0,145.76157735784497
2026-03-24T11:06:19.504657,Versova,14.82678082063117,10.787932911269714,0.6820729397895616,0.4995073091684502,0.0,140.60018263894082
2026-03-24T23:06:19.504657,Bandra,9.356534565293778,21.119157170795543,0.4166926940743214,0.24309661002573651,9.880289179396009,168.48030832529253
2026-03-25T11:06:19.504657,Bandra,9.369664465585366,6.168643987595573,0.08452834731482539,2.06810845052591,0.7964268989389677,209.17268432171858
2026-03-25T23:06:19.504657,Juhu,9.541007951438381,36.210634600195824,0.9923180808235426,1.0655260931362611,14.972961671819256,230.45220010044372
2026-03-26T11:06:19.504657,Juhu,10.212095084195301,25.9651105341656,1.34344906456153,1.2522990884769511,0.0,130.48287157215773
2026-03-26T23:06:19.504657,Juhu,17.033369264236505,28.53579497051822,1.0187935449614836,2.099556430253436,0.0,256.10335816489055
2026-03-27T11:06:19.504657,Juhu,11.507551761834678,62.630491419575364,0.847023901275774,0.501675334556362,22.213555816894285,327.16119643825465
2026-03-27T23:06:19.504657,Bandra,15.60579500861863,45.17576885264144,0.817359214228027,0.32438125643266985,0.0,167.78095010469693
2026-03-28T11:06:19.504657,Bandra,14.11945428174437,13.093509171288439,0.7396795560725953,2.2499724661426757,3.990716885796926,214.38351282479624
2026-03-28T23:06:19.504657,Juhu,13.612755921131416,56.06003343807304,1.4748312752588872,0.9269966259603335,0.0,153.8817653366831
2026-03-29T11:06:19.504657,Juhu,15.69210871495341,87.13320943328873,1.3508912456939732,0.6859708355852545,4.592334443104988,218.04669327826377
2026-03-29T23:06:19.504657,Juhu,9.269026974215148,58.90330496660281,0.687309901784798,0.2584836479123338,0.0,21.50083952655166
2026-03-30T11:06:19.504657,Bandra,15.56292341807672,64.12669863009626,0.784802403025337,0.5021975668356841,0.0,220.46833180858914
2026-03-30T23:06:19.504657,Bandra,10.601367653418208,43.234970745374255,1.6937164891404164,0.8183496317837553,0.0,87.91203686237961
2026-03-31T11:06:19.504657,Juhu,13.671412855210445,46.3604308875811,0.3424518052882971,0.789443476804282,25.860579168995223,374.4836842980993
2026-03-31T23:06:19.504657,Versova,8.54400735726257,47.18165940699664,0.9157910277706628,0.4108625175667901,0.0,18.498272128636984
2026-04-01T11:06:19.504657,Juhu,14.395159416304303,62.73319737264853,0.3226977549579063,0.741830193231289,0.0,59.74992103175953
2026-04-01T23:06:19.504657,Versova,10.459166093358181,64.05519378388381,0.5637296390821713,0.7020285831452799,0.0,130.137098001955
2026-04-02T11:06:19.504657,Bandra,17.080641400241017,56.74136969526035,0.43502485796265344,0.7053879859441377,8.021645824944097,298.83617371604566
2026-04-02T23:06:19.504657,Juhu,17.80007924314307,50.13501597323575,0.7965454735770066,0.37578603225825896,10.306598082415594,258.6988963598078
2026-04-03T11:06:19.504657,Bandra,14.133135913192088,75.16127292304144,1.1368676369911774,0.24046808574831358,0.0,263.3606476371201
2026-04-03T23:06:19.504657,Juhu,9.415910841151355,61.90782766556145,0.14062596632779678,4.021691600639632,0.0,96.6514255953563
2026-04-04T11:06:19.504657,Bandra,11.432957106952578,78.83669675049167,1.2635713138291058,0.5425897896972347,0.0,135.07042907257264
2026-04-04T23:06:19.504657,Versova,12.265226436229693,37.936720820188505,0.7643608210603596,2.681870597186539,16.06400752651131,339.65939106636756
2026-04-05T11:06:19.504657,Bandra,14.543394953918352,56.679398136956685,0.9462826001116135,0.4482677947890476,0.0,112.33587160774266
2026-04-05T23:06:19.504657,Juhu,11.876125914646016,15.509946259035289,1.0840422699535612,0.17959649434572714,0.5500293603337463,176.41801421057028
2026-04-06T11:06:19.504657,Versova,13.787794041117499,50.3606397417196,0.2952239338104299,2.3818056561609753,0.0,237.8814595413297
2026-04-06T23:06:19.504657,Bandra,13.777601158761733,42.65520821127949,1.0200044698067114,0.41395594269617264,0.0,220.8406096883363
2026-04-07T11:06:19.504657,Versova,8.142000880450519,38.35016612360199,0.7901620596656179,0.1244811246485425,0.0,94.96152227147097
2026-04-07T23:06:19.504657,Juhu,13.29705814260102,30.65636198555057,0.19029387071048465,0.14730192647253268,0.0,106.30571530053453
2026-04-08T11:06:19.504657,Versova,12.058730286270515,44.11551541235316,1.2787081200490145,0.4139923168748927,1.6969592460343361,102.91446225908534
2026-04-08T23:06:19.504657,Juhu,12.353045279105327,14.826460214747183,0.9349489753265394,0.929739836864649,0.0,78.57115598684831
2026-04-09T11:06:19.504657,Versova,14.60735171094999,29.38813013854734,1.1267036755332627,0.6154448395104738,6.37998629068246,163.46249626224446
2026-04-09T23:06:19.504657,Bandra,10.896646420286835,59.05066627867711,0.4002654956316303,0.4966832186707033,11.711676327061467,185.64657124889658
2026-04-10T11:06:19.504657,Juhu,8.24518002908306,20.156360763812554,1.1247543906267523,0.34593539785035027,6.083432986787269,181.35992965755167
2026-04-10T23:06:19.504657,Versova,15.350043825202567,49.64189275857075,0.9496649584304638,0.019227070420597504,0.0,195.79944183180882
2026-04-11T11:06:19.504657,Juhu,12.37041694352562,45.83655541006976,0.5847887915388673,0.6864600143579572,1.2272790101353623,160.96056201873006
2026-04-11T23:06:19.504657,Versova,12.354933444350008,31.129182210756294,0.8334799150704542,1.69882738577806,23.716035801677698,362.53150285881316
2026-04-12T11:06:19.504657,Versova,15.006708500108775,60.607445239801486,0.9573556377565869,0.2241800259872055,18.68744762541622,307.3443506542796
2026-04-12T23:06:19.504657,Versova,11.16933193269359,31.565584214838452,0.4237517039013189,0.8797699605914391,0.0,113.44906283965612
2026-04-13T11:06:19.504657,Versova,11.816311874394069,3.3589399647574396,1.0016521876756457,0.007299383492063757,0.0,108.07536418217926
2026-04-13T23:06:19.504657,Bandra,11.161940173760025,44.92988546482652,0.6754866198687096,0.8641380098086475,0.0,174.0012546286108
2026-04-14T11:06:19.504657,Juhu,11.298827826444823,44.4046101084766,0.7686149202917119,0.758189139984251,3.8493525189229265,208.3691305533887
2026-04-14T23:06:19.504657,Juhu,11.311045308865447,22.490429097585864,0.7254363891461671,3.6760979193438543,2.309420774066887,247.2213903209971
2026-04-15T11:06:19.504657,Bandra,13.979484893193444,47.14971436662837,0.6707547192835412,1.7605124953189584,3.1047275418075144,145.03101190166888
2026-04-15T23:06:19.504657,Versova,15.330378731400206,50.90783513857265,0.5599378169455349,0.5462408199810483,0.0,159.6924362273456
2026-04-16T11:06:19.504657,Versova,12.936988746175142,77.10711924723613,1.1671809032713671,0.09212189804308044,0.0,198.89805742191743
2026-04-16T23:06:19.504657,Versova,10.972119840937587,30.769780587695205,0.6184631580183161,0.24222519981177898,8.025259749621444,111.5068557355438
2026-04-17T11:06:19.504657,Versova,13.31579533915292,6.818872992977305,1.0308695431343022,0.3896169173556773,9.677944690034261,259.1107940519723
2026-04-17T23:06:19.504657,Versova,15.421481946924768,32.26314179620272,0.9540719984005488,1.0629542350939416,0.0,197.64370534731088
2026-04-18T11:06:19.504657,Juhu,16.19188218204491,74.05827288547744,0.14440735346527112,1.134506605763026,0.0,277.92754814522215
2026-04-18T23:06:19.504657,Juhu,16.816859497695354,3.38518949218043,1.1617455262148129,1.0321803963742358,0.0,265.78773783596705
2026-04-19T11:06:19.504657,Bandra,9.68487093882489,40.081874714329906,1.2548407689720673,0.9465027657008618,14.59217839471991,191.9926950139838
2026-04-19T23:06:19.504657,Juhu,7.464638562093192,55.69941344727539,0.6209512435652862,0.6473480442579874,0.0,99.71632338728558
2026-04-20T11:06:19.504657,Bandra,6.341613888146922,34.25589797294971,1.1717033403245833,0.8273933679119444,8.285552286978893,92.09915062263403
2026-04-20T23:06:19.504657,Versova,7.6184973017445365,68.82521363263665,1.0025411169220764,0.6894135077670325,0.0,11.763299482197567
2026-04-21T11:06:19.504657,Versova,13.858989354487274,85.76657969261662,0.6400097001002409,2.45874371433157,1.4773050326423063,179.22652436196276
2026-04-21T23:06:19.504657,Versova,8.225940266200988,62.582766480790795,0.7868224601134635,0.3646732154730355,10.874535506941656,69.15705065864638
2026-04-22T11:06:19.504657,Bandra,13.06131189267417,26.92239174752809,0.7045922508756294,0.04238499076452748,0.0,116.05570778284496
2026-04-22T23:06:19.504657,Versova,11.486530839748909,69.94770583949327,0.6296247564242141,1.8715769083846758,3.176463690106352,130.58331486442654
2026-04-23T11:06:19.504657,Versova,14.061715351185866,39.03738841468312,0.3042762829109588,0.030480058957084874,13.42180131244854,179.56300773562526
2026-04-23T23:06:19.504657,Versova,16.009145410359565,46.401769504171334,0.6313382911339209,0.3783485213618956,0.5769722216578412,228.23374265505416
2026-04-24T11:06:19.504657,Bandra,12.297941444854048,47.512744773446414,0.8788410459409007,0.35046332147228976,6.280526630828362,205.30101152304064
2026-04-24T23:06:19.504657,Juhu,12.303683183504685,355.4272376174415,0.30442454504246397,0.70325417690502,0.0,166.64680804338144
2026-04-25T11:06:19.504657,Bandra,13.427255975494596,51.10599578380443,0.575133664728579,1.8083723531898583,1.9202873344921132,275.7092991303533
2026-04-25T23:06:19.504657,Juhu,9.36990874314212,58.20919904703101,0.6843520277262926,0.40166183686342505,0.0,75.57055790427981
2026-04-26T11:06:19.504657,Versova,15.484826440971414,65.18807930550483,0.9069463666324328,1.6218132486912655,0.0,171.73825961322854
2026-04-26T23:06:19.504657,Versova,12.65746404463903,27.801198646611553,1.059203832650134,1.6836281077381408,0.0,238.06348595976502
2026-04-27T11:06:19.504657,Juhu,12.33787630389771,32.23175162660922,1.118325988447659,1.25936056849498,0.0,118.13619177886409
2026-04-27T23:06:19.504657,Juhu,11.083502843758524,72.24809473877718,0.27812990742140564,1.218588956671031,0.0,108.21020783614397
2026-04-28T11:06:19.504657,Bandra,14.148835684862782,65.40097186553237,1.406471563965201,0.514383871877029,7.230800334764642,332.99041674076824
2026-04-28T23:06:19.504657,Bandra,11.75431686128252,64.82382225853333,1.0242334914281168,0.499145379171438,2.9787619102384517,162.86726576276325
2026-04-29T11:06:19.504657,Versova,13.483873918722859,52.76306192928353,0.85018967016366,0.28768038608497853,19.195600859696437,334.58740509946966
2026-04-29T23:06:19.504657,Versova,14.630062427625298,30.329136738053037,1.3940225700332056,0.38993788466029694,6.423655920501782,347.2704041201754
2026-04-30T11:06:19.504657,Juhu,10.866705337432569,79.793305039409,0.8255852206199721,0.5294092234236712,0.0,46.08725255766916
2026-04-30T23:06:19.504657,Juhu,13.404902387476982,55.99983949687308,0.9451166670465194,1.7054820256001315,0.0,99.87040008617606
2026-05-01T11:06:19.504657,Versova,15.098574386596745,48.212998807062334,0.998678894647886,1.0773109559468204,8.086627654972872,241.5534817955348
2026-05-01T23:06:19.504657,Juhu,11.413396459126304,55.178188752613835,0.7944095483980677,0.32434303947621784,0.0,33.257710756491974
2026-05-02T11:06:19.504657,Versova,13.456034308630597,25.061860793392196,0.5201410664619222,1.9338404169383583,0.0,138.98244668690742
2026-05-02T23:06:19.504657,Bandra,14.02589162813235,47.80630204747866,0.6628904542005113,0.19990865857058635,0.0,145.91555102177986
2026-05-03T11:06:19.504657,Bandra,17.95691305867733,30.438058869954247,0.4846429121101456,4.150325677924894,0.0,299.6962304397638
2026-05-03T23:06:19.504657,Juhu,14.157505999066311,81.39543574625195,0.7750732016770451,0.9145262053433529,6.488819259038391,264.0970420763546
2026-05-04T11:06:19.504657,Versova,11.87626888008284,55.01542588240419,0.5471185421402636,2.614651516724152,0.0,123.21339762542073
2026-05-04T23:06:19.504657,Juhu,11.025315556079326,43.66876902911086,0.930039695016692,2.4168174081629914,0.0,153.53759619602988
2026-05-05T11:06:19.504657,Bandra,9.497185970796103,62.23449280100934,0.632895359552561,0.6003996824093539,35.55617129553276,413.77185978084344
2026-05-05T23:06:19.504657,Versova,11.477577848609268,79.28366933248674,1.3059788408066564,0.4575594829033183,0.0,238.3645797232405
2026-05-06T11:06:19.504657,Juhu,11.882567919094974,66.79574028408334,1.1217562142531814,1.217179318799293,8.634372801898786,216.97353959481174
2026-05-06T23:06:19.504657,Bandra,7.834133956395048,40.40529337004299,0.753253683327855,1.003853061381627,0.0,57.79827229539761
2026-05-07T11:06:19.504657,Bandra,8.823599555256541,57.08265221148068,1.0162973217358897,0.44151304464362656,8.28639379424876,137.06825915873148
2026-05-07T23:06:19.504657,Juhu,15.064905641482824,73.72736068487508,0.4849440387914992,0.15784388116480852,0.0,131.1779705236927
2026-05-08T11:06:19.504657,Versova,8.649402084201165,29.539015499758978,1.0178483479710643,0.0797044261800459,0.0,147.6642286265553
2026-05-08T23:06:19.504657,Versova,12.099857483572048,64.56587937923916,0.9307137921349025,2.7302800076207006,4.488200910708117,216.06935616061332
2026-05-09T11:06:19.504657,Bandra,15.034455556728627,69.46155957293065,0.9572084441610387,3.4749825633854208,24.694074140086244,340.50232544560134
2026-05-09T23:06:19.504657,Juhu,15.386674720327049,74.28027193604511,0.8092271491051077,0.09264930833375501,0.0,144.33643769371125
2026-05-10T11:06:19.504657,Juhu,8.295169713987901,55.927982533505,0.6022015049490984,0.6802918263120846,0.0,149.99454146812602
2026-05-10T23:06:19.504657,Bandra,15.973447877523212,25.909013783510442,1.0588114765970051,0.10528482636056637,0.0,167.06436097853356
2026-05-11T11:06:19.504657,Bandra,15.536597811110816,19.315675141406913,0.5779599185030652,0.9576790228926628,2.957256262707503,214.8515484772934
2026-05-11T23:06:19.504657,Juhu,9.72098094674234,58.27292694065683,1.1178696717870191,1.189667820945796,0.0,105.75680021361039
2026-05-12T11:06:19.504657,Versova,16.56813389788851,38.05418523693284,0.5117812208576973,1.2804847528836045,3.3391689039330092,171.64636026991332
2026-05-12T23:06:19.504657,Juhu,17.944572801248007,36.11044933617946,1.1615353218843352,1.4344041239867629,1.4564912192963253,262.7810892970356
2026-05-13T11:06:19.504657,Versova,13.1911400096472,14.77722573310388,0.296214023915361,0.8228284897679774,6.323951789703047,186.3472151128958
2026-05-13T23:06:19.504657,Bandra,11.05175111663108,51.28677366262861,0.9317450401101253,0.7341414466193065,8.331794312701819,188.19470752857615
2026-05-14T11:06:19.504657,Bandra,15.619762259412626,55.87659412806477,0.9597946629445593,0.28144120995476024,0.0,293.3947810643835
2026-05-14T23:06:19.504657,Versova,14.448665617671576,23.828634434869546,1.0951770611733358,0.35379309283815547,0.0,81.40258350265286
2026-05-15T11:06:19.504657,Bandra,15.539965589069359,55.97898753222719,1.11253816859456,0.414199364139464,1.345889759377787,163.20676351705487
2026-05-15T23:06:19.504657,Juhu,14.346082162722382,26.767653956921947,0.7940244811100807,0.6700849949386035,0.0,201.18516262061922
2026-05-16T11:06:19.504657,Versova,6.700203841758152,39.30190466756938,0.6298214856027256,0.05579941634307729,0.0,89.91007455772787
2026-05-16T23:06:19.504657,Versova,15.486023112813632,60.64745540584327,0.7754867923575266,0.07350844491903558,0.0,110.50829451611608
2026-05-17T11:06:19.504657,Juhu,13.892626810788467,55.38860821028381,0.4148408353980289,0.4703979607346591,0.0,173.60011825324585
2026-05-17T23:06:19.504657,Versova,10.62592445095633,54.506698508549825,0.4809936500509045,0.35309944365453405,10.21624764399948,263.381417525544
2026-05-18T11:06:19.504657,Versova,9.162835237444583,42.09956460240498,0.4501646278281441,0.4874550582872554,0.0,121.19654694231666
2026-05-18T23:06:19.504657,Bandra,10.182960000192606,44.359152586390266,0.4457082549006844,0.5951905953383166,0.0,74.77176103557832
2026-05-19T11:06:19.504657,Juhu,13.079561894264987,32.88426947589568,0.7383496760761932,1.1184199087851303,0.0,207.63146958491396
2026-05-19T23:06:19.504657,Versova,15.866640006155535,22.788252826199134,1.2096568941218564,3.093072857376495,0.0,93.58574948249075
2026-05-20T11:06:19.504657,Juhu,12.58620966384996,32.79176114495081,0.9087594565925919,0.18476651463343688,8.533934388588762,136.50100765867404
2026-05-20T23:06:19.504657,Bandra,10.323612543345128,38.75856135894534,0.6986554717425791,0.9523939916983089,0.0,129.77096919851945
2026-05-21T11:06:19.504657,Versova,5.167312179452747,23.81576583254196,0.6499216950239974,1.0414860130780652,0.0,0.0
2026-05-21T23:06:19.504657,Versova,11.803756625593667,29.204513186501053,0.5609610769162287,3.006479307159497,2.2748088082566342,176.65085687927166
2026-05-22T11:06:19.504657,Bandra,13.125500772972183,27.587579537482306,0.7769431429858835,0.9390454454748762,0.0,137.25187370408497
2026-05-22T23:06:19.504657,Versova,14.726934109076488,33.99268944536992,0.5889930620788923,1.028085670187486,0.0,137.0418038957754
2026-05-23T11:06:19.504657,Juhu,9.868805928992426,55.58139670345481,0.7968151937352458,1.7852086223232417,0.0,58.072638608421684
2026-05-23T23:06:19.504657,Bandra,15.047811670690669,36.932405080626346,0.35444415119002043,1.0057863492467634,0.0,123.10139515531938
2026-05-24T11:06:19.504657,Bandra,13.11515771607013,36.37088710880231,0.16397383546394773,0.4066704520576659,0.0,133.54709539601825
2026-05-24T23:06:19.504657,Juhu,14.384769341626678,71.98270210226859,1.1174510281472305,0.11307896459521567,4.705098473785568,307.2656129138686
2026-05-25T11:06:19.504657,Juhu,12.139585397801126,14.644018135992024,0.9489752572506825,1.0824438548897872,11.827193278806778,235.23219286258347
2026-05-25T23:06:19.504657,Versova,10.921503670063746,68.86207346664536,0.7579150899927896,0.4113389516538731,0.0,181.73693869493485
2026-05-26T11:06:19.504657,Bandra,14.61836224340883,10.820475776403818,0.5020599131838906,0.014303971942674146,0.0,118.53160819975271
2026-05-26T23:06:19.504657,Juhu,6.796078993405427,22.549038189911673,0.8154737268579111,0.1367935499569162,14.696805972037168,167.80364060521646
2026-05-27T11:06:19.504657,Bandra,16.45123173061112,74.57861876505112,0.8308144923716632,0.2585676253310613,0.0,190.98552543105015
2026-05-27T23:06:19.504657,Bandra,11.915346363188311,72.28652488341733,0.9987608100195839,1.203016851908539,0.0,167.54468014956677
2026-05-28T11:06:19.504657,Versova,11.30013431476082,24.23892857776773,1.1067307795784478,0.1805307606491027,0.0,175.1792133075832
2026-05-28T23:06:19.504657,Bandra,11.476907639243533,31.45772108238932,0.5978235867010877,0.40091673087853,14.338344891601565,304.14917579250874
2026-05-29T11:06:19.504657,Juhu,12.764193412140628,54.50114295378405,1.0598644274471813,0.3493668958487522,0.0,176.62362667772746
2026-05-29T23:06:19.504657,Juhu,10.873777660548114,44.02340328132593,0.8706367385333343,0.38811028511662776,0.0,116.38856392043262
2026-05-30T11:06:19.504657,Juhu,9.13662896204174,68.78586156577529,0.7103690832304825,4.355800730289906,3.449667063519542,60.75830034507602
2026-05-30T23:06:19.504657,Juhu,10.517083196140936,31.667427686427096,0.8326350091561898,0.8271101080896445,0.0,185.4274419834499
2026-05-31T11:06:19.504657,Versova,13.475980460509488,64.8880008417716,0.7197455487077361,0.4449783099095335,0.0,176.2705519022994
2026-05-31T23:06:19.504657,Versova,14.89598000148338,59.08672419708158,1.355612013444101,0.4909448437311557,0.0,164.41739713874978
2026-06-01T11:06:19.504657,Versova,19.39399336580575,183.63248569137937,1.526818583679484,7.099102882041891,4.645113518121359,370.24680295415203
2026-06-01T23:06:19.504657,Versova,13.169397432150623,204.601253237919,1.3328416671183834,10.78282866897786,7.752221519751776,328.76186386160833
2026-06-02T11:06:19.504657,Juhu,21.289315787326192,194.5457098041899,1.588317827740862,13.606365004984465,24.416434395278685,525.9373135765935
2026-06-02T23:06:19.504657,Versova,25.151370772476525,196.45323621853285,1.6870504922761567,6.974805777050131,16.85112692506751,471.4960008178026
2026-06-03T11:06:19.504657,Juhu,30.60838159657185,231.68654109107007,1.413005593669008,2.980761921438378,46.94260390625073,680.4406040008762
2026-06-03T23:06:19.504657,Juhu,25.98413610989609,211.9989224587312,1.3831196305638207,7.31137128001471,30.645694051850978,557.4327127448576
2026-06-04T11:06:19.504657,Versova,29.208670895234224,213.7841106152005,1.3415816660922788,1.342872731783572,36.58070099880899,620.0143429711538
2026-06-04T23:06:19.504657,Versova,23.748588334404,248.73382765206094,1.5236619069714183,9.72762210290273,62.02739291158775,899.0555955227856
2026-06-05T11:06:19.504657,Juhu,22.299498204950662,202.37188779729925,1.7662147092423401,11.646329960811316,10.404770534841887,458.7917043292807
2026-06-05T23:06:19.504657,Juhu,18.301069857785706,249.92822602091508,1.6152125927026628,42.17868240694048,48.65528194634257,807.7808747853886
2026-06-06T11:06:19.504657,Versova,24.281123944154796,231.65438659170377,1.1000555974568373,25.938019609069123,43.85846470639325,710.4804061986898
2026-06-06T23:06:19.504657,Bandra,20.906532878869296,242.9557382337957,1.8949436431771705,3.1657417198480324,36.295931890676364,585.283949151002
2026-06-07T11:06:19.504657,Juhu,20.102339450348467,269.0278142457587,0.8813465685755559,53.30718706198773,56.571007868787326,888.7643293116976
2026-06-07T23:06:19.504657,Versova,21.892022872242872,223.1022848761385,1.5821718001445468,10.416024586261214,22.944435650803705,502.7466461620013
2026-06-08T11:06:19.504657,Juhu,24.29427493256855,224.710422826705,1.3314493094431024,12.448967382586815,25.788886711831807,540.1991352310685
2026-06-08T23:06:19.504657,Versova,21.843794318796498,236.98901372643408,1.6157132521594357,8.20715054537837,28.536030697227936,565.5015099324995
2026-06-09T11:06:19.504657,Bandra,29.130549183469352,220.42345388286716,1.5132898984185832,3.005002063929493,35.87988665635474,654.9043771604826
2026-06-09T23:06:19.504657,Versova,28.391434353535875,217.58152977700396,0.9643358103354457,10.459600463955283,34.76702476278682,705.5003405882625
2026-06-10T11:06:19.504657,Juhu,27.09847195660828,224.4332030926708,1.0735605938530424,15.68488272539565,63.930277119237175,828.8452035167733
2026-06-10T23:06:19.504657,Juhu,20.113811556426196,259.76794388098824,1.7462768637329127,16.66089616078419,30.4727585025491,620.4551820410976
2026-06-11T11:06:19.504657,Bandra,19.905650214666323,259.2785160085399,1.5600785614609523,18.23256269113129,18.158785755366115,464.63969612921835
2026-06-11T23:06:19.504657,Juhu,25.968822893224104,221.1688568306351,1.7258098713226913,16.39982198811467,34.564766188013515,603.1186820950488
2026-06-12T11:06:19.504657,Versova,23.40086861055622,244.35118471386676,1.2709036039727004,2.297552867491603,48.450220445093436,763.1494862290151
2026-06-12T23:06:19.504657,Versova,21.020148130747508,228.83779090043294,1.4518321171494608,12.753415477765948,26.09714241253223,419.61098967178253
2026-06-13T11:06:19.504657,Bandra,32.474114499461635,235.09562236478334,1.5204361322140842,2.449088297683984,44.6340320616876,830.0563396669627
2026-06-13T23:06:19.504657,Juhu,22.386125258917183,235.05594589051154,1.8145454621113652,0.8803432822307948,26.842233366265624,517.7229035324983
2026-06-14T11:06:19.504657,Juhu,29.266744886700735,244.25005183906597,1.8496784685432384,17.773980350093442,42.56143755608495,762.1945504011433
2026-06-14T23:06:19.504657,Versova,23.98108739295047,236.19902854638693,1.8406519578309575,4.621771840357718,58.42268601529091,769.1562712560004
2026-06-15T11:06:19.504657,Versova,33.13537134238,191.38209834507018,1.3500481207795008,20.39497504729227,29.00824174899159,804.925790511023
2026-06-15T23:06:19.504657,Bandra,27.18748113462988,195.54860025622045,1.9062862570035,14.979113947977092,25.240167492427886,635.389255777178
2026-06-16T11:06:19.504657,Juhu,16.00284032212242,211.9868675732761,1.4020057310434166,6.401626731526841,24.79476553633766,440.94185228061497
2026-06-16T23:06:19.504657,Versova,19.838011751834106,237.14543230815397,1.180487698802216,24.495734537398942,31.21285983059342,736.6660782519978
2026-06-17T11:06:19.504657,Versova,19.56702719480519,204.41274620022725,1.9725411963263735,2.8942717711776975,11.585610682617656,291.0813317938232
2026-06-17T23:06:19.504657,Versova,29.306612551069424,237.74992962990476,1.7010367076664226,19.48309802074541,56.68743763545117,934.102071123582
2026-06-18T11:06:19.504657,Versova,32.50742907786998,213.35877331813975,1.6197132421939577,0.6895144207056304,34.861237147554355,637.9904103921891
2026-06-18T23:06:19.504657,Bandra,31.427911171808397,223.8587741713769,1.542478736021965,4.368097598723926,48.30432894674392,704.7945668303009
2026-06-19T11:06:19.504657,Versova,29.430690767470658,227.46888691572278,1.6550852065688768,2.4846068267901726,63.63523282370329,862.6703031577987
2026-06-19T23:06:19.504657,Juhu,25.764460741728673,209.59423288087032,1.493384459622942,23.65621602950459,32.063761394489376,671.9141187218929
2026-06-20T11:06:19.504657,Juhu,26.145029899771227,222.3604471593642,1.6725323462969313,2.448019145717773,20.354030524260565,432.55339363337004
2026-06-20T23:06:19.504657,Juhu,25.91658772998207,231.0502341869615,1.4423617588151574,28.023886129852468,44.86225722086719,784.1792030729538
2026-06-21T11:06:19.504657,Bandra,24.2383579777282,231.70108703824343,1.6694367317722945,26.28454600795919,38.445142043249845,625.2509573909897
2026-06-21T23:06:19.504657,Bandra,32.37834719304775,184.2340694047545,1.6440101083696066,9.266161084540693,4.053081211913944,459.01216674810547
2026-06-22T11:06:19.504657,Bandra,25.155503290566458,231.01498034361592,1.7302770230849878,11.154557968687799,26.541619048031663,634.4319342848335
2026-06-22T23:06:19.504657,Versova,30.29294417907998,210.19451417982492,1.5174467339550712,49.946734568102514,41.56453081441261,917.4370986559934
2026-06-23T11:06:19.504657,Versova,36.36090726332384,221.50704108636745,1.908050439248404,23.409856611089396,55.0961844383048,869.3642765326482
2026-06-23T23:06:19.504657,Juhu,19.68663487535744,214.17950457207942,2.0208347849685095,1.2949927074425873,24.933860733802433,519.8768590699431
2026-06-24T11:06:19.504657,Bandra,29.158077299357902,251.29576983038035,1.8348402866214366,13.949512934945744,64.9945138162565,940.0434879805204
2026-06-24T23:06:19.504657,Versova,23.73825480856377,212.20422218020934,1.5203288804546906,10.024721953584017,14.433219020001847,371.9963190652229
2026-06-25T11:06:19.504657,Versova,27.551050741232054,252.04078731948653,2.129822256150753,10.665215873018017,47.26940380961372,761.9301997839933
2026-06-25T23:06:19.504657,Juhu,25.17456234413115,222.1424355441742,1.0991825910364563,4.277569646099362,44.488715961338286,700.2190571813791
2026-06-26T11:06:19.504657,Bandra,24.94258715189947,193.54724970467493,1.3315258154451908,3.6038489252989745,14.096279686285603,343.6665799605455
2026-06-26T23:06:19.504657,Bandra,25.917365593557836,225.8960491277588,1.8791561519730362,2.5180493840006175,27.121854085422854,544.8491332080598
2026-06-27T11:06:19.504657,Juhu,16.421458406809354,212.7244138175805,2.1544231935813296,8.120487962236574,4.045869160759144,304.66049569160486
2026-06-27T23:06:19.504657,Bandra,26.19085653069814,208.1845622020275,1.566189241292149,0.20724189511023086,21.219701702885605,508.0431098337569
2026-06-28T11:06:19.504657,Juhu,23.527111797500023,249.18461294447877,1.4927140512989923,9.181418803186721,50.08811747922481,663.016468413413
2026-06-28T23:06:19.504657,Juhu,26.634972566350488,208.29750992055529,1.9958739153691265,0.3237523005765192,46.03039030462661,729.4771188205207
2026-06-29T11:06:19.504657,Juhu,24.710862458470544,250.5571331006103,1.6711461992590722,15.321310012192555,58.123782757314416,841.2297290622744
2026-06-29T23:06:19.504657,Bandra,23.559686008243606,233.62045916021788,1.4659312305628645,15.875875622830112,37.37755052001755,589.0459050044432
2026-06-30T11:06:19.504657,Bandra,22.79320604242574,267.4198713169022,1.7933542693962994,6.430732132952151,53.09262850749853,720.5668751050961
2026-06-30T23:06:19.504657,Bandra,20.392149673935094,258.7026700190514,1.8145530720107539,6.1958902371094755,38.46418045041935,454.3108107473596
2026-07-01T11:06:19.504657,Juhu,20.837395635480018,263.5125225492389,1.169024788358898,13.004592677981071,38.141792006037385,719.4750668269793
2026-07-01T23:06:19.504657,Versova,32.4222954641285,198.70453098561092,1.8594828109933907,20.770602538113575,20.616209588996067,647.7332896285741
2026-07-02T11:06:19.504657,Juhu,24.08377378395359,225.34838668709716,1.375133407066159,11.393672499687709,33.460952652697436,570.989223124059
2026-07-02T23:06:19.504657,Bandra,29.099952525021088,205.67646003989313,1.099775609752538,19.045530474259753,29.75052325966623,707.9817826873975
2026-07-03T11:06:19.504657,Bandra,24.598496988980298,251.5084703138752,1.751725452728246,6.502735681785944,58.540453087324636,796.9034839468438
2026-07-03T23:06:19.504657,Versova,25.91506464155741,205.16945917790736,1.5315835871729033,9.742267467069489,23.549219482361252,569.8327216018301
2026-07-04T11:06:19.504657,Juhu,15.396555665573388,204.44060646142782,1.2038709238643317,2.721864540074213,8.10014022391843,375.6396235736128
2026-07-04T23:06:19.504657,Versova,22.012808512637267,236.3302385888238,1.527237270890132,4.013747001996702,19.460607184351478,435.7724073855226
2026-07-05T11:06:19.504657,Bandra,30.68095687321271,205.7307053939062,0.9537007641854325,0.17066145215131434,12.895280048194778,431.1756043262446
2026-07-05T23:06:19.504657,Versova,15.07656029277045,219.65725028116492,1.632106198163374,41.455300403092956,14.033842245120699,533.4870102867413
2026-07-06T11:06:19.504657,Juhu,24.263199326218558,232.5408954707587,1.4242067204429998,2.036658250411122,31.585557675913762,510.5716958487033
2026-07-06T23:06:19.504657,Bandra,30.747046468331234,249.48778573605807,1.4889333140793288,5.0741985698157315,51.752264092774254,784.3249425511237
2026-07-07T11:06:19.504657,Juhu,15.625539679762335,232.13940194790536,1.4848800148202934,0.9280958113338817,24.289686875760854,427.4027487623451
2026-07-07T23:06:19.504657,Versova,22.75434129522779,246.255391990576,0.9219191135263337,4.695733578829518,26.838672019965788,466.79715469482363
2026-07-08T11:06:19.504657,Versova,24.201257510042065,215.94729469568352,1.551700801861089,10.716830741170254,30.371611823950612,635.6406652094196
2026-07-08T23:06:19.504657,Versova,27.09352289146184,224.72053543047852,1.3999541157090913,0.4655353583430948,46.98124632251472,693.1737721959212
2026-07-09T11:06:19.504657,Versova,25.872657041722423,229.23112204592695,1.374420870640522,0.03583959316573517,28.84312032291568,632.3929734157815
2026-07-09T23:06:19.504657,Versova,25.501448612535192,220.720891416249,0.9562923880718641,2.5295131414826475,59.57915469203851,749.873061018534
2026-07-10T11:06:19.504657,Versova,28.02053727719522,212.26602472048938,1.733146762331049,5.490100416984706,34.56840395962076,548.9060813885536
2026-07-10T23:06:19.504657,Versova,28.138402089372374,258.29283643932547,1.5791266754467728,1.820187438195593,49.51810736542304,708.4757187587078
2026-07-11T11:06:19.504657,Juhu,28.944850625234604,210.68100065213005,1.7826227823298502,5.149091808870846,42.19727376897829,702.1089812810311
2026-07-11T23:06:19.504657,Bandra,22.455117358046483,169.0982586811616,1.5116106884272689,6.6864666066123934,7.880490843170696,453.2306165886422
2026-07-12T11:06:19.504657,Versova,28.613374124441492,221.47678881590627,1.9725653723353278,3.8177897785162647,52.999930816567286,847.046381692805
2026-07-12T23:06:19.504657,Versova,27.406939133259115,211.31518333119143,1.3170269104117753,15.025838398282927,29.859940240343423,565.3628687032461
2026-07-13T11:06:19.504657,Juhu,19.65585884685178,215.58489801750437,1.8363564427709713,9.201695105689375,6.637774804804817,398.9329759520695
2026-07-13T23:06:19.504657,Versova,18.459055350898467,229.53272834964196,1.5757106510362064,10.02391915525249,17.91594824156965,435.37087001482945
2026-07-14T11:06:19.504657,Versova,29.583352378386135,218.72542553880305,1.4221042775115917,37.13375798119841,38.09102930533459,895.3081356878888
2026-07-14T23:06:19.504657,Juhu,28.24091022816993,224.14932092024873,1.3675083570969782,5.107625000648963,48.53328813638756,847.0796416757141
2026-07-15T11:06:19.504657,Versova,19.26471412298914,226.74422213772175,1.612961393774036,5.098288852434702,16.196355441415477,468.48456775579825
2026-07-15T23:06:19.504657,Juhu,28.061349050526964,193.8112844174755,1.1766837762625195,15.78508330651009,16.82946082402054,516.135639592154
2026-07-16T11:06:19.504657,Versova,28.709043707388844,214.86730332424162,1.5719618256854175,5.417386814804206,19.61348627557407,541.0349324843529
2026-07-16T23:06:19.504657,Juhu,33.379772673860955,222.24078154835354,1.302466188443485,4.248176469633408,35.508208232615566,738.5472653761269
2026-07-17T11:06:19.504657,Bandra,27.324400304464564,237.74963209672634,1.4001272010039965,73.61778781589423,58.66452561604018,1207.9401611660844
2026-07-17T23:06:19.504657,Bandra,9.416735762700544,226.03984064349288,1.891219939004651,14.252923281647869,3.0852612431965873,254.65139371742026
2026-07-18T11:06:19.504657,Versova,20.064769105318423,236.2951838664886,1.5432205744033245,0.49475880525043825,39.73787683536262,543.126898369599
2026-07-18T23:06:19.504657,Versova,24.130630898427068,251.77184276591214,1.2884668439502118,0.20443790089870975,32.343384030931475,585.1533817474842
2026-07-19T11:06:19.504657,Versova,41.9906365883145,263.39239257595045,1.55937826472969,28.497718818477832,82.52976060553532,1275.3217913608903
2026-07-19T23:06:19.504657,Bandra,26.707797367239817,232.88257791784218,1.6211930295166397,5.717017554724077,35.647951046613784,624.8027554896544
2026-07-20T11:06:19.504657,Versova,24.568310708766365,208.1311784668655,1.7531083249057962,5.35627527766378,25.07185491248308,484.8440658923596
2026-07-20T23:06:19.504657,Bandra,26.968712775714458,233.40949323470366,1.1581917121179897,0.2591181328863535,44.37425661299862,701.7887976705491
2026-07-21T11:06:19.504657,Bandra,31.481278546108648,202.5224318974881,1.613413878128365,7.521115860637958,7.621370409621573,513.1558229357099
2026-07-21T23:06:19.504657,Versova,21.80583065120274,237.99871100856936,1.5163396634490567,0.6413942288930824,29.555193076706757,539.9925252418286
2026-07-22T11:06:19.504657,Bandra,29.70269596814632,261.8400029906886,1.533417256051488,3.1952074068667837,60.320518978100296,803.7847430914996
2026-07-22T23:06:19.504657,Bandra,30.00170136116911,239.1688774147097,1.1345890555943672,8.15999073917623,39.87907667431611,701.1417521723126
2026-07-23T11:06:19.504657,Bandra,27.4484838729658,240.65407877203702,1.6124544234998461,5.661115937028037,62.390813557619126,832.8156624860723
2026-07-23T23:06:19.504657,Juhu,33.75819750786782,216.0743036368816,1.834990240702843,5.077552498332007,42.09201417915812,815.7473707461497
2026-07-24T11:06:19.504657,Bandra,21.75713785152283,212.17670141206298,1.4204805009334263,8.270309087817862,13.528287592033067,408.1076372197959
2026-07-24T23:06:19.504657,Versova,19.43962590811632,201.57031822904378,1.8510584230083937,6.823848586880848,29.38393045012463,476.47683803091445
2026-07-25T11:06:19.504657,Bandra,18.64150885160443,253.86600020259576,0.9390218114855752,8.755957030002916,36.47249106835128,642.4043922755699
2026-07-25T23:06:19.504657,Juhu,15.682219798535964,240.76234866907572,1.5101438467184423,58.87899308483454,34.41848845513688,889.7894206043264
2026-07-26T11:06:19.504657,Juhu,32.447887294237894,228.00271307912405,1.7137445293301414,9.94271558520428,43.45895805195692,827.3029756741928
2026-07-26T23:06:19.504657,Juhu,23.11083265533664,190.9764096551924,1.7783126650683916,3.3845878055566208,12.781393398303496,374.17765447453013
2026-07-27T11:06:19.504657,Versova,19.171632447741487,200.18928341592527,1.4749224389745375,3.8716585483389254,17.435432787523006,373.605620031778
2026-07-27T23:06:19.504657,Versova,27.919415111420005,250.68209390357794,1.0478322538848186,19.641774697440162,47.127791816825734,832.1198397548833
2026-07-28T11:06:19.504657,Versova,34.16475262976877,226.89099704645713,1.302925005937237,2.365223018589167,48.425606189089876,829.1133862135317
2026-07-28T23:06:19.504657,Bandra,18.381752145789108,216.28197061819134,1.763264266035426,13.795920761841936,25.27177817224755,497.1341307709609
2026-07-29T11:06:19.504657,Versova,30.44669654658346,228.62083002292084,1.4692662071597802,9.017013427126699,41.344508245071935,804.8472534104686
2026-07-29T23:06:19.504657,Versova,22.682912144419518,203.69687971809282,1.7481307145290021,23.30738175697237,3.1522862323525978,419.0395610620832
2026-07-30T11:06:19.504657,Juhu,26.531737669660114,195.84417223970303,1.5377884244635918,7.43784715464704,30.788795228842993,620.3974630063427
2026-07-30T23:06:19.504657,Bandra,30.39418875514216,201.86975593188274,1.6395786209637928,26.897540823913552,30.995611110113607,794.7428523155781
2026-07-31T11:06:19.504657,Bandra,28.904883021987295,243.5056378543366,1.5505954102830586,6.447336958147282,56.17139324963042,837.5717286544937
2026-07-31T23:06:19.504657,Juhu,28.406770711331347,218.73806678021867,2.26061272441185,1.994495823272856,34.72118719159762,541.6886937361642
2026-08-01T11:06:19.504657,Juhu,26.57944368352267,201.87176712454243,2.2624023096091577,0.49156167648984395,18.33850230098971,518.4397029939666
2026-08-01T23:06:19.504657,Juhu,34.249456928485216,206.11801819826835,1.4383974768835577,5.335370264578034,29.004666781341257,586.6437312788421
2026-08-02T11:06:19.504657,Versova,23.696654280415938,216.9834198543411,1.9753755794312085,12.217418225411254,34.532990728731875,626.2192374850667
2026-08-02T23:06:19.504657,Juhu,28.067300828359187,224.3499221388462,1.7491494401957857,5.7883366480932255,30.182281635121942,587.1934827016053
2026-08-03T11:06:19.504657,Juhu,15.82231594487047,215.66666145964123,1.753566408831403,48.15086990490101,24.896210488299943,601.2683738699393
2026-08-03T23:06:19.504657,Bandra,33.80835116068439,221.57433351071626,1.1566232173980673,5.853263731835633,40.18136981154099,765.8211589293073
2026-08-04T11:06:19.504657,Juhu,20.744097587762575,248.73980239185235,1.2285444778798198,0.986166013104896,25.840644834584232,516.3504097149622
2026-08-04T23:06:19.504657,Versova,20.57143100100155,212.50330763131035,1.1696140530480517,7.1131816848844585,29.42955903524696,534.7401823461759
2026-08-05T11:06:19.504657,Juhu,28.37875940754602,235.34270913208925,1.2757193717627278,7.432819767336659,47.083288585860416,772.4155688373794
2026-08-05T23:06:19.504657,Juhu,19.72403263301924,231.18079855347796,1.6238466237068456,6.579605912353732,34.191490769121174,518.850375896345
2026-08-06T11:06:19.504657,Juhu,26.936719678765336,215.67137175277455,1.3725219493329122,15.013066218460615,32.94076710047805,584.255232992905
2026-08-06T23:06:19.504657,Juhu,23.106668569860243,232.7266939823169,0.9856073995539332,12.824649444159263,37.88865047900572,702.8251295461394
2026-08-07T11:06:19.504657,Juhu,20.36194774071855,224.76934717610536,0.9513711530534118,0.4610632989244789,20.200719370209704,364.38565511592054
2026-08-07T23:06:19.504657,Bandra,16.100624458959164,246.28341404682087,2.251634671607068,6.395345942486962,24.965320168943258,395.3010749120059
2026-08-08T11:06:19.504657,Bandra,33.8551057519903,245.96407935350553,1.2485470553005407,15.806692710136703,70.36081992314271,1048.4268198878865
2026-08-08T23:06:19.504657,Juhu,32.01311599403286,201.93059898737582,1.1141679155958268,22.777255167372694,30.282067064911935,741.717143258733
2026-08-09T11:06:19.504657,Versova,30.65927417508047,245.67258405557823,1.3435991572598542,1.4006498009701134,50.924199804393254,731.5083659825608
2026-08-09T23:06:19.504657,Bandra,29.947744905367188,252.22865382557703,1.7154750802512573,29.406607680130485,32.09730955971003,848.7222008973566
2026-08-10T11:06:19.504657,Versova,30.157718539258507,207.36078471465652,1.0671855641991863,14.978579367142263,44.866035305040654,852.6773717069937
2026-08-10T23:06:19.504657,Versova,18.499369783961995,209.6855345339459,1.1933706637480168,12.810287310668967,22.346799969407122,510.8498094453215
2026-08-11T11:06:19.504657,Juhu,31.139221575682267,207.00234765908607,1.43683545007859,16.96197525257914,29.278920339812966,800.715710292745
2026-08-11T23:06:19.504657,Bandra,17.231764783150297,227.78082954226772,1.404987766717719,2.9494609979329596,16.750794162137616,381.88390525275696
2026-08-12T11:06:19.504657,Versova,25.037800901970666,185.28840012958813,1.8917663082900522,14.7825367249933,3.613923996989902,379.7670274979472
2026-08-12T23:06:19.504657,Versova,38.53309146666131,249.55410765851585,1.8523349798964621,38.68168537615389,84.08673737464757,1325.5486306723496
2026-08-13T11:06:19.504657,Bandra,34.25670059745539,249.6092009551995,1.6582442499083192,3.2932414755506025,81.88478373096913,1106.6589476059903
2026-08-13T23:06:19.504657,Versova,14.487525892869275,251.89868552155227,1.1964372064421442,11.175438377812208,26.49583758479526,506.13912859578716
2026-08-14T11:06:19.504657,Versova,23.62567218544808,179.88417337810506,1.629302907639023,0.6810986628152087,12.591813215132046,477.9025327834039
2026-08-14T23:06:19.504657,Juhu,23.67039962902224,236.1374944473629,2.0592145591235274,1.056181912714316,17.896406636113827,423.447664900033
2026-08-15T11:06:19.504657,Juhu,28.117039869975137,182.59322517538553,1.8745129092594555,2.364557549467266,17.1985476412515,513.4389500504471
2026-08-15T23:06:19.504657,Juhu,22.818684839099856,245.9623351853831,1.1794437737752683,0.6845950131680698,45.13374212521572,617.9307792733334
2026-08-16T11:06:19.504657,Juhu,23.443895512457235,236.9329580946903,1.820068385594177,7.726111943586261,39.030524805171325,705.4777872698851
2026-08-16T23:06:19.504657,Bandra,27.183949470121796,204.89707490631707,1.4205064009432675,16.445437126486006,10.11781856789119,438.33466178121625
2026-08-17T11:06:19.504657,Versova,20.725621878711394,274.2711386426452,1.4673280514585003,3.2145720106021676,48.273185482327676,730.1905252140219
2026-08-17T23:06:19.504657,Juhu,24.945796162200878,219.4037554004073,1.2269168785104745,25.66665695866459,29.690104845785736,635.1923910004908
2026-08-18T11:06:19.504657,Versova,28.391368501948715,191.95899464788675,2.029835005394884,34.82042982457757,13.030285783980593,588.3495064834307
2026-08-18T23:06:19.504657,Versova,24.279920191579595,224.88839404466407,1.2669273213322885,33.81232842693861,22.931527596890184,619.9127364989589
2026-08-19T11:06:19.504657,Versova,30.26127966871982,235.18590647284014,1.3151786353991028,2.5284601547152525,46.85979110849102,803.2944326467215
2026-08-19T23:06:19.504657,Versova,30.89873803207722,218.42409164861104,1.1791783395675417,13.63246015431126,54.770190422084205,820.7137259315381
2026-08-20T11:06:19.504657,Bandra,22.90703196013866,261.80073246203347,1.769564850102365,2.164401373871336,50.97429984553538,686.6137361359073
2026-08-20T23:06:19.504657,Versova,23.267758513213128,239.53012128798846,1.1917629926728142,14.220192109066483,48.59990252752915,649.7831292892382
2026-08-21T11:06:19.504657,Bandra,27.73299879294538,205.3596100557819,1.2939802813297945,0.38515248838935867,35.21780772964263,680.149477184992
2026-08-21T23:06:19.504657,Bandra,20.384129022640025,235.73293156941855,1.8454438782611526,14.068263557962545,36.997962454345874,616.7334736103949
2026-08-22T11:06:19.504657,Bandra,33.21948362600847,250.50248809322287,2.242187634125015,1.4838263902358189,45.75629938111779,813.6638856722108
2026-08-22T23:06:19.504657,Versova,19.36532318600819,227.8085439122357,1.6152578130030217,50.57011511818583,36.77069617702287,769.5290643633284
2026-08-23T11:06:19.504657,Bandra,23.447371221788632,235.21070756902472,1.5605215964388133,5.07296172077101,39.213830941210794,628.27685241076
2026-08-23T23:06:19.504657,Juhu,22.283056289521664,229.20809427942638,1.4637114323430267,0.981134091186161,45.90401661368909,634.6793318089701
2026-08-24T11:06:19.504657,Bandra,34.375850435631435,241.96596358609736,1.6944757968977608,29.03878261732671,46.252956089456845,959.6371169722942
2026-08-24T23:06:19.504657,Juhu,22.20245890522513,217.86581523647172,1.481924589640748,3.727563664661833,34.11602262274039,635.7575631485438
2026-08-25T11:06:19.504657,Bandra,24.725098032760094,247.15442191964897,1.6699806445178176,44.39951785136702,56.46204549127161,886.20984831183
2026-08-25T23:06:19.504657,Juhu,21.490812241547808,197.8059089733838,1.412121917981957,3.174063030577428,8.522618669609814,282.60368113275825
2026-08-26T11:06:19.504657,Bandra,28.2202681427811,227.36031928215812,0.8701285072259073,7.600302676821354,45.65072114716355,730.1900753644687
2026-08-26T23:06:19.504657,Juhu,24.68481084985386,235.3833350181389,1.9930572026380475,2.4455007656166923,43.859522819675696,675.2748328413161
2026-08-27T11:06:19.504657,Juhu,10.439328103104419,209.9730906079326,1.9560275222973305,23.531367359658027,0.0,348.0310118274334
2026-08-27T23:06:19.504657,Bandra,24.50342831103984,219.55146198138257,0.9136220986550173,12.045982026148728,28.10217814674983,606.4169331803332
2026-08-28T11:06:19.504657,Bandra,28.85416980561782,222.33550494903452,1.3765550864271112,34.840531485326665,30.402083313815687,678.5281562476915
2026-08-28T23:06:19.504657,Juhu,15.802174760889486,230.72666659734017,1.8753751789574058,2.350721939197798,38.22937198522159,503.9978003394772
2026-08-29T11:06:19.504657,Bandra,22.72414108023118,233.5309675903595,1.3672325394595997,5.162744772126868,50.897083210680265,641.061309803591
2026-08-29T23:06:19.504657,Versova,23.283324120737753,247.84414785771116,1.8471733643193076,14.945686079103545,41.413278261403164,636.0869703493079
2026-08-30T11:06:19.504657,Versova,19.06085793314519,221.84866884899355,1.6767984141223267,5.923724859794425,33.495192233579175,465.08412769219996
2026-08-30T23:06:19.504657,Juhu,23.172086877488365,230.52747446186706,1.4344764192082469,0.8805794820418539,32.93959433404751,494.6260466948546
2026-08-31T11:06:19.504657,Bandra,26.748109862679932,243.03370244283357,1.3856187881905,19.259838515661315,48.31207994580196,789.9811525020586
2026-08-31T23:06:19.504657,Bandra,30.959656181075363,218.94494260076468,1.6051726372837634,1.9800448519434177,37.41612848964188,743.5549983204405
2026-09-01T11:06:19.504657,Bandra,30.938566920692274,243.75229687019197,1.3527623923135181,14.346666834082015,59.49870778308321,818.2826357714949
2026-09-01T23:06:19.504657,Juhu,18.96924480001588,261.53466605467173,1.1235121887589,4.136100829721267,42.83552234726303,693.0614221398622
2026-09-02T11:06:19.504657,Bandra,31.76122070823039,231.25731302981822,1.5197212980141863,10.275831030966176,67.18143291191471,1013.1196562491756
2026-09-02T23:06:19.504657,Juhu,26.325819613732936,212.02002959053684,1.7650820357982506,9.355336343495464,14.254742080405546,456.64986964514253
2026-09-03T11:06:19.504657,Bandra,22.627747522655163,201.4094482771341,1.6393015963912878,8.41748470099192,24.8581045814186,547.6911698455606
2026-09-03T23:06:19.504657,Juhu,36.828233473894684,229.8629954322723,1.6663418531564003,44.20794155851369,63.087765379220926,1166.5327151691777
2026-09-04T11:06:19.504657,Versova,24.0966676041048,214.72267156939054,1.7504599946687844,0.5858452725393255,26.449182254505132,472.79209983667755
2026-09-04T23:06:19.504657,Juhu,21.40427755006387,223.05592659480442,1.9247737086059475,24.671807324985522,23.956950438507487,491.70512840304923
2026-09-05T11:06:19.504657,Juhu,15.92558085259297,199.69609855934615,1.988134968501677,3.5436406402461262,20.667373274854462,397.550090479994
2026-09-05T23:06:19.504657,Juhu,25.22276082785576,197.67771838132632,1.8173882141516378,6.208158660369469,16.13685957665251,416.2327134184733
2026-09-06T11:06:19.504657,Juhu,21.181626819989148,189.7633202093705,1.7979642382458267,11.037209956895484,0.0,255.36773448835714
2026-09-06T23:06:19.504657,Juhu,18.533272418325843,197.27902918828855,1.55271268278137,12.653797047991063,22.518471424532784,482.753933770146
2026-09-07T11:06:19.504657,Versova,24.358008670411955,246.6437194232866,1.3678442155129715,5.1054642832833945,24.640860235413346,543.4016076210387
2026-09-07T23:06:19.504657,Versova,27.6517145083529,231.0898440336029,1.1827455989119706,26.983261685332927,49.26678124896392,826.6868467671566
2026-09-08T11:06:19.504657,Bandra,22.700510786723775,239.64488373779116,1.8516032224141523,2.8214852769665772,37.31773198100263,638.5635024012532
2026-09-08T23:06:19.504657,Bandra,31.04573143045106,232.95849693430665,1.2620498823370956,2.814488699324629,58.28896089752143,841.7816237788871
2026-09-09T11:06:19.504657,Versova,26.410181052311103,214.87271861843664,1.538640597636284,9.486126317063915,32.67704227643616,617.3711239422145
2026-09-09T23:06:19.504657,Versova,33.41657287963765,232.85536726102248,1.1736753973938996,10.916693213376046,52.034698811761714,855.1860686119489
2026-09-10T11:06:19.504657,Bandra,17.899585084886443,242.17998853314083,1.8986856809254247,3.3179568333551206,34.283051099859065,499.6283782832905
2026-09-10T23:06:19.504657,Bandra,32.03580119785952,222.52811160865238,1.2316372862618534,0.6034754013511785,53.75549797120648,826.1394804479303
2026-09-11T11:06:19.504657,Versova,24.08619336007684,205.22941984268198,2.1722779668617376,4.403338185303973,21.849112692834666,514.4292074419351
2026-09-11T23:06:19.504657,Versova,20.039789873412516,232.65199918657453,1.3367428444061964,11.674861532030924,39.32282216569354,602.3183887727678
2026-09-12T11:06:19.504657,Versova,27.9403961456458,200.71449790685327,1.4607596340630387,8.923594101891624,23.024286661664767,573.5944426133287
2026-09-12T23:06:19.504657,Juhu,23.007591774338227,202.50119956230031,1.3998724183528088,30.28329073336081,26.6719600056053,653.7223978699413
2026-09-13T11:06:19.504657,Bandra,23.857637280952297,259.1912112578449,1.1798003331045628,0.19052608313165548,50.00407261152783,666.5616390975172
2026-09-13T23:06:19.504657,Bandra,27.668476240030966,254.85905245507655,1.382692599940327,14.207025817200854,68.21081473525105,881.964910863312
2026-09-14T11:06:19.504657,Versova,21.65470258017141,227.37496440079448,1.2461708395981317,2.928699678385202,28.20238212360223,476.5841342527924
2026-09-14T23:06:19.504657,Versova,24.46435182579534,210.83582004892963,1.3765764258945201,2.1165273650614687,18.478171562847994,469.6707404762833
2026-09-15T11:06:19.504657,Juhu,28.257049310513978,218.33691335845407,1.0970320056155045,14.085181176033796,51.065562630413865,862.6270276293883
2026-09-15T23:06:19.504657,Versova,18.31837406742096,203.49186415772314,1.1061320297651163,39.55106316459826,34.81563740175444,758.2946558746414
2026-09-16T11:06:19.504657,Bandra,17.15058036228184,248.34435466608747,1.9765341528720335,15.50531092656506,40.23596203805952,566.2179176384277
2026-09-16T23:06:19.504657,Bandra,23.119205406194883,191.21164021039516,1.8590660291749685,0.5482478017042616,6.293828909794717,349.602806564107
2026-09-17T11:06:19.504657,Versova,30.12073186566808,228.96592067428907,2.306392873142223,5.085637424100273,43.302029581352464,684.445919190244
2026-09-17T23:06:19.504657,Bandra,24.085987837968162,207.55400355878982,1.6404712829090664,4.711335559810138,20.142168206355873,483.1574315839147
2026-09-18T11:06:19.504657,Juhu,33.04033623586365,209.27973036281853,1.7545652675144432,5.910640830321593,27.309395740884657,656.1171091451711
2026-09-18T23:06:19.504657,Juhu,33.50096382441478,241.49656683752966,1.2526093308288422,4.004317675633703,37.85711370849869,709.7995585852955
2026-09-19T11:06:19.504657,Bandra,26.258946953771737,225.66046614386067,1.9040823733166987,6.848616626679224,30.65527213026311,643.0298790603241
2026-09-19T23:06:19.504657,Versova,29.211968450951737,266.3687068104216,1.2980224635630992,14.19121323838529,75.06000346584909,1080.240386005824
2026-09-20T11:06:19.504657,Versova,23.094009547550357,219.60983826548298,1.520744944840964,5.100034206352483,12.002132992493273,364.13153788045264
2026-09-20T23:06:19.504657,Juhu,19.411349184797622,228.81269884628662,0.9360127582368348,4.98323905041197,35.115894124695366,554.5379486571153
2026-09-21T11:06:19.504657,Juhu,24.193900743755915,233.01283276679675,1.2635771238288986,2.3872767453452575,56.16209376299054,722.6898331442496
2026-09-21T23:06:19.504657,Versova,20.160640549320505,228.77687959967045,1.0291377761009828,0.7364770217692873,24.88347336556625,493.8572873226321
2026-09-22T11:06:19.504657,Bandra,25.533315516625596,203.68634604360867,0.9948802297157854,14.317545474629114,27.617960843652963,597.5227868142595
2026-09-22T23:06:19.504657,Juhu,23.112797548571105,206.99677532980397,1.4964370740896251,1.1837533701854197,26.349780172595235,587.417125198263
2026-09-23T11:06:19.504657,Versova,23.038464854921536,231.8176331892312,1.7231147461199436,4.16904907595225,48.38311433144789,692.1473184785809
2026-09-23T23:06:19.504657,Juhu,24.91564813145949,238.1042293255781,2.2140136346457986,0.0354289234107332,42.853949400462106,632.3673121756048
2026-09-24T11:06:19.504657,Juhu,27.996378976106293,239.66358634845116,1.913442804149284,4.7104214510550495,52.66048681535354,743.6289611234342
2026-09-24T23:06:19.504657,Bandra,32.99320834452653,210.17628567099968,1.9229640514854094,12.4667854814458,33.504512018480135,653.8821531483766
2026-09-25T11:06:19.504657,Versova,19.14382276385381,228.97775910711374,1.8636780173356242,11.710830256655509,39.50797458699853,588.1680738062886
2026-09-25T23:06:19.504657,Versova,33.222337166749725,231.31717973117085,1.320958528244071,1.0754998742826063,31.847368765279313,655.3678485095869
2026-09-26T11:06:19.504657,Bandra,21.09009129959017,215.45911868484856,1.5353245723389135,1.2984263600275003,26.42012484840557,524.6424550921105
2026-09-26T23:06:19.504657,Bandra,29.166393085517164,236.96310494929412,1.7875175854851342,8.31978952176308,64.95763642024272,923.4616781720825
2026-09-27T11:06:19.504657,Juhu,26.369555434235895,200.3071695328582,1.1253590602530954,1.3106583900949456,15.174527492710013,405.4439406728161
2026-09-27T23:06:19.504657,Bandra,20.271141769633612,224.7851490669841,1.2527599548984834,5.863498614849453,37.922079847848366,563.5501227262431
2026-09-28T11:06:19.504657,Versova,22.600159269256366,226.9763844235917,1.6847380044634093,3.646539215171738,47.80844549581047,469.1996670354072
2026-09-28T23:06:19.504657,Juhu,26.564111183834232,236.47534219803802,1.9193532921094496,5.347777908242596,56.201978104414806,779.9496606076204
2026-09-29T11:06:19.504657,Versova,34.97172474859925,220.41537994375662,0.8979209013056293,16.697910589952077,37.30515261816798,846.0380661900583
2026-09-29T23:06:19.504657,Juhu,23.38908775118997,216.64907867490825,1.1539598396441655,18.107783367399353,43.597992266695314,782.8725636136714
2026-09-30T11:06:19.504657,Bandra,22.3327377711205,229.63132738861793,1.5746053798128978,16.042757719063847,21.783214060642685,492.61264176964505
2026-09-30T23:06:19.504657,Versova,24.144103151018,223.67775212095987,0.9872320802392213,0.6741497650186069,37.26489422740576,484.26969577586823
2026-10-01T11:06:19.504657,Juhu,11.410461256721494,37.04208572965574,0.7382743278681002,0.15675843147021573,4.369836443271035,212.73024151722976
2026-10-01T23:06:19.504657,Juhu,12.057200459341397,71.48658868922993,0.7796429837485785,0.7473896529013702,0.0,89.66989973364961
2026-10-02T11:06:19.504657,Versova,14.940672760935795,66.05094621469497,0.24711892812569736,0.07684129055914733,5.374325913880298,229.15303932923632
2026-10-02T23:06:19.504657,Juhu,16.012302323746255,41.243256007698626,1.0167125914457888,2.2238190714923816,0.0,199.8212244228674
2026-10-03T11:06:19.504657,Juhu,11.515119754614313,26.996795442526743,0.6759653889584615,0.26523224890744446,0.0,87.90731548329029
2026-10-03T23:06:19.504657,Juhu,6.412344330664078,66.60651081800884,0.9893434127854566,0.3316041396218488,0.0,69.75235814063683
2026-10-04T11:06:19.504657,Versova,12.435593104816201,42.600737422654134,0.5275409276697067,1.324275325971804,0.0,114.34071613876932
2026-10-04T23:06:19.504657,Versova,7.423379267194372,94.42494089822462,0.8110089974693716,1.0821031003977748,3.121408294074028,64.99933591888049
2026-10-05T11:06:19.504657,Versova,7.364394042713219,42.95228744749164,0.7458689088141089,0.21916615846380244,0.26067038576484364,74.45528944668251
2026-10-05T23:06:19.504657,Versova,8.006681703775811,36.74155709978938,0.5818445352041394,1.1887793075729187,0.0,60.23056420225903
2026-10-06T11:06:19.504657,Bandra,8.712387567603848,61.20094234800105,1.0359928817438495,0.06179737296517746,4.958076981594709,120.92636182810449
2026-10-06T23:06:19.504657,Juhu,9.200642733941574,58.46945592316462,0.7259245017531637,0.596658271601767,0.0,156.72973742453837
2026-10-07T11:06:19.504657,Juhu,16.39411345122374,75.87154437715164,0.7287236258814302,0.8956503808695985,3.393633625662039,258.8538159710432
2026-10-07T23:06:19.504657,Versova,16.618631963069202,36.44777204808013,1.0036654428957346,2.0222602656585615,1.2943160504877893,189.09538089287648
2026-10-08T11:06:19.504657,Bandra,11.255591013637238,83.82412016531845,0.8277137448176206,0.11855875408632244,0.0,156.01440510402008
2026-10-08T23:06:19.504657,Versova,17.921728426923437,32.221973800276075,0.9829186934436169,3.1204269480838627,3.2063977818717038,327.9747068673673
2026-10-09T11:06:19.504657,Juhu,12.206284643212152,29.803957360244496,0.5869953671325343,4.3272804659959,0.0,148.83563282634472
2026-10-09T23:06:19.504657,Juhu,13.26374213607294,61.9367989093833,0.9603041640361354,1.2547608726788808,0.0,210.00322058571103
2026-10-10T11:06:19.504657,Versova,15.662348752106796,61.50531659369886,1.1709462144489913,0.25933603897127605,11.438574374137096,268.0417037854677
2026-10-10T23:06:19.504657,Bandra,13.76245057901423,76.3015839445988,1.270790199658443,0.07034286914490871,0.0,129.7187430863974
2026-10-11T11:06:19.504657,Bandra,14.87225984347657,59.34042706526087,0.890866256205933,0.8626308745207115,0.0,187.76108048663798
2026-10-11T23:06:19.504657,Versova,10.542628210774561,32.331127304582395,1.6169353962879294,0.25050630831996423,6.073670857057872,136.48153107385258
2026-10-12T11:06:19.504657,Bandra,15.223589370689794,61.4984777035199,0.8523537488551777,0.2088561662439119,0.0,196.73660426578638
2026-10-12T23:06:19.504657,Juhu,13.497507368453505,38.21208639137776,0.9777273088913472,0.6195371812677103,0.0,194.69796324786813
2026-10-13T11:06:19.504657,Versova,13.149492069645216,41.034505665713574,0.8407199127761307,0.18953640263042437,0.3106342639893144,153.13829690252578
2026-10-13T23:06:19.504657,Bandra,14.79217190920219,353.8083649369901,1.1999385297928975,0.0310453249371951,0.0,168.64121036201138
2026-10-14T11:06:19.504657,Bandra,13.74501021866638,51.49563188220229,0.9439819223444836,0.8288992629497365,0.8727746895221602,124.20038076643655
2026-10-14T23:06:19.504657,Versova,13.981029163688046,59.95092251572919,0.6814859443491298,0.08477290769525367,3.090468350240348,195.20142780404876
2026-10-15T11:06:19.504657,Bandra,11.490540083468403,37.55056755219806,1.3303195437091786,0.642758626911333,0.0,139.329431905858
2026-10-15T23:06:19.504657,Juhu,17.72789115187939,24.24590355931049,0.7908031683942687,0.24422246343986798,11.63193518961377,277.5155178441655
2026-10-16T11:06:19.504657,Bandra,12.993116708451641,43.5965276756192,0.9664098015525459,1.0342717308468479,0.0,217.03877078265918
2026-10-16T23:06:19.504657,Versova,11.993285650577457,23.651321340790012,0.42228052656554205,0.06938017401909824,0.0,159.89515744380319
2026-10-17T11:06:19.504657,Bandra,13.934523868662676,66.45288834314489,1.1786635918678723,0.7481219713573095,0.0,129.2108084121644
2026-10-17T23:06:19.504657,Juhu,14.322873174493079,59.17872902137434,0.0077643093273787045,0.01108934439446762,0.0,180.42865180335275
2026-10-18T11:06:19.504657,Juhu,14.105469121630032,51.75651831863977,0.9073783099954648,0.26258675620389577,7.152365838912327,208.12993371073483
2026-10-18T23:06:19.504657,Juhu,14.569784360179819,36.523225721983216,0.9458664296788002,1.3601556335871776,25.283802744468765,412.23333676573344
2026-10-19T11:06:19.504657,Versova,14.882351973941374,21.04084075318676,0.672028624150828,1.5712867481786523,0.0,177.7256720579947
2026-10-19T23:06:19.504657,Bandra,11.3156638843653,53.53588261247013,0.6210678195403425,1.3917965525932268,0.0,87.59112982270396
2026-10-20T11:06:19.504657,Versova,10.68337655274457,52.384348225553566,0.287241042144994,1.2796061052185863,1.0776005545254295,130.72466680462887
2026-10-20T23:06:19.504657,Bandra,10.638165318185909,63.338624681227856,0.8769507309438347,0.44649288594703307,0.0,142.7701412791588
2026-10-21T11:06:19.504657,Versova,8.854070763583207,5.4196261302057565,1.4080451348127179,2.1017553917508898,0.0,94.62425308959108
2026-10-21T23:06:19.504657,Juhu,14.385872282911997,22.46340520065508,0.7057248137600373,1.8422434134888728,9.226181605535483,157.8157956977721
2026-10-22T11:06:19.504657,Juhu,7.899654806165924,43.70174534509958,1.0527539324708588,0.3216391552427114,0.0,100.38303077803269
2026-10-22T23:06:19.504657,Versova,13.393897535398816,43.591558034412586,0.6119530526446493,0.019284027230991624,15.911610768289982,313.3449795166435
2026-10-23T11:06:19.504657,Bandra,14.46143585874929,37.36737809173577,1.0220376992315734,2.790163997380963,11.061717517923306,210.36881076901432
2026-10-23T23:06:19.504657,Juhu,15.489976200025595,64.03563320647248,1.237309350593975,0.12249679535497897,1.2923243202707666,218.68926300552886
2026-10-24T11:06:19.504657,Bandra,11.035298712667297,31.89187920790785,0.8571897786893633,1.812231930783906,14.33633608817878,163.19228088386743
2026-10-24T23:06:19.504657,Versova,10.162496525692777,63.454912375953185,1.4254949280645954,0.02660768445061262,1.260701996303386,206.4515687933654
2026-10-25T11:06:19.504657,Bandra,9.195480994282764,2.463330244014692,0.8094865921730744,1.4147426753007286,10.437133532761306,206.99492795561974
2026-10-25T23:06:19.504657,Bandra,13.751511244617177,36.29503605989663,0.37731177596238824,0.9768579755329629,2.7500229829181078,242.01607230734146
2026-10-26T11:06:19.504657,Versova,10.757806701599032,46.37857334078719,0.7108767128101162,1.3118253567513958,0.0,122.8063555870395
2026-10-26T23:06:19.504657,Bandra,14.832399989829778,46.09673882508012,0.822913104983021,0.5168260415947252,17.765186910911407,253.00135203544164
2026-10-27T11:06:19.504657,Bandra,10.539015248275176,56.893970599616246,0.8254189815500415,1.575005816585676,18.480401917708498,331.7219697351028
2026-10-27T23:06:19.504657,Juhu,12.060817703960149,43.910433643126844,1.1836627871759258,1.0132356967689555,0.0,74.43170728914512
2026-10-28T11:06:19.504657,Versova,10.539309427532327,64.58519488573926,0.7251033385343243,0.2099265663453838,0.0,129.6220074397886
2026-10-28T23:06:19.504657,Versova,17.54360098710631,68.81059287435353,0.7397944344874011,0.9873545168000502,0.0,315.3512906806325
2026-10-29T11:06:19.504657,Juhu,15.537092257775843,59.62253310022226,1.201199864034327,1.4807580022963482,11.640431861839835,244.54715534059287
2026-10-29T23:06:19.504657,Juhu,10.602381173480143,35.95103588432786,0.9116500287098326,1.0770438093636905,5.719563219724996,102.08717842203804
2026-10-30T11:06:19.504657,Bandra,10.209083916296654,41.571119510459454,0.5103978381419845,1.1614117443858496,7.7125141425121155,166.77801695181918
2026-10-30T23:06:19.504657,Bandra,8.131499790828059,38.9684038441779,0.8985932077414426,0.311308125735745,0.0,96.55806620929341
2026-10-31T11:06:19.504657,Juhu,9.572782014172644,68.71731645865123,0.7204390983079073,2.100778537674085,8.889568628671666,168.97312652957896
2026-10-31T23:06:19.504657,Bandra,11.448918100870221,51.74019601797981,1.4840780690896782,0.318184124895843,0.0,110.24784492575232
2026-11-01T11:06:19.504657,Juhu,10.992664146778734,35.33415795375454,0.9801309732877527,0.03625455213869556,4.643657938443563,230.4563789973734
2026-11-01T23:06:19.504657,Juhu,13.410040983739984,47.0676399242419,0.504067850270226,0.6420422923045778,5.1682526582445085,195.4964909141748
2026-11-02T11:06:19.504657,Bandra,12.188500718758021,59.481753498930836,1.0557816768141768,1.1718498651778662,7.632882631029175,206.27210253306598
2026-11-02T23:06:19.504657,Bandra,14.79825928771578,78.64568192246432,0.7448508259039635,0.16720560206442892,0.0,251.73725902234048
2026-11-03T11:06:19.504657,Versova,7.77235260592646,59.888068967610266,0.6132360954464839,0.9468778378678211,0.0,77.48100564634002
2026-11-03T23:06:19.504657,Bandra,14.62981763952654,38.764288534879505,1.1757039086894026,0.038738580194988936,11.364555743248452,248.92053718424813
2026-11-04T11:06:19.504657,Bandra,19.38225878612514,56.39517839408358,0.7027469416878077,0.798481954029,0.0,229.23018269539764
2026-11-04T23:06:19.504657,Juhu,12.632188825255016,57.837415548580495,1.042341937563592,3.4891378586577186,0.0,103.25591365276499
2026-11-05T11:06:19.504657,Bandra,12.031231529825094,8.483885162140218,1.1006813107026832,0.26474011261389063,1.8496258734208662,280.5746689598551
2026-11-05T23:06:19.504657,Versova,15.395333653562858,46.343873121913944,0.4743214532081149,0.004984889263517205,0.0,211.7252068656162
2026-11-06T11:06:19.504657,Juhu,17.764318579659857,43.63594939334662,0.37798417023213265,1.5360681323615006,0.0,211.60964558519927
2026-11-06T23:06:19.504657,Bandra,13.969175071686442,35.89123500654526,0.42987438173142095,0.19335405166908382,0.0,144.5848753272507
2026-11-07T11:06:19.504657,Bandra,11.408910822602715,39.086245650849285,1.0124389581485842,4.833134561147443,11.234272870957618,284.79649051338345
2026-11-07T23:06:19.504657,Juhu,8.748594014189345,68.67480972336202,0.9659578063172567,0.355913395344181,0.8670915014510185,94.76003709690531
2026-11-08T11:06:19.504657,Versova,7.364264674471313,36.86946149793678,0.765954382749011,0.4513721636677521,0.0,104.0668263694266
2026-11-08T23:06:19.504657,Bandra,12.9907376505538,38.50027793963348,0.9320011324546738,2.89978972984547,11.77299563001106,205.09881182099028
2026-11-09T11:06:19.504657,Juhu,13.839762146956192,37.04902606908444,0.3846445941725011,0.3450614814020099,7.599369819598278,266.7524129546663
2026-11-09T23:06:19.504657,Versova,8.57148867570829,14.412323315708072,0.7318719180679881,0.9801171116995263,9.194709745270124,171.0617429813114
2026-11-10T11:06:19.504657,Bandra,12.825312867937289,44.26881522417564,1.371120567259904,0.5637352488897548,0.0,101.63557751644055
2026-11-10T23:06:19.504657,Versova,14.24142369607981,49.57546760049364,0.8120991202667432,3.186666507080385,0.0,213.95161536496474
2026-11-11T11:06:19.504657,Bandra,9.573108321222598,22.72508959156251,1.2035055968814743,0.3767018263116883,0.0,150.65930753105604
2026-11-11T23:06:19.504657,Juhu,9.281997740758158,358.9345102481585,0.7563980862069731,0.8634792105691961,0.0,166.04591847854624
2026-11-12T11:06:19.504657,Juhu,15.918908360145355,47.06156443061696,0.8071940057046779,2.140436777679316,0.0,219.34668972584356
2026-11-12T23:06:19.504657,Juhu,12.006550772511108,17.498295336658302,0.6612401101059864,1.078020361952914,3.8767987903284644,122.738399594232
2026-11-13T11:06:19.504657,Juhu,8.150784030808836,28.28457045350379,0.8991992855306428,0.005679096108232342,0.0,108.41590686419497
2026-11-13T23:06:19.504657,Versova,13.284982242508269,5.1201074664151776,0.9783231061871756,1.4856138053198638,0.0,160.94880120632965
2026-11-14T11:06:19.504657,Versova,8.529010633006909,13.560371584007758,0.6701135461805723,0.3952267937043894,0.0,63.195343177834744
2026-11-14T23:06:19.504657,Juhu,10.626946314962767,65.93425427551527,1.032067311862044,0.05144490911396676,0.0,45.62052633229375
2026-11-15T11:06:19.504657,Bandra,8.079296313153847,64.12632078916096,1.2438928087826466,0.014833364259213938,0.0,108.06577230876906
2026-11-15T23:06:19.504657,Juhu,2.9470593217578376,30.64675448055757,0.9962071922694443,0.6002691063632848,0.0,58.3658850400908
2026-11-16T11:06:19.504657,Juhu,12.497577080396018,33.09142852510028,0.9143515317659724,0.4810157186252883,15.572439637235584,305.029571150581
2026-11-16T23:06:19.504657,Bandra,7.357290617591067,49.0788771503199,0.8578968925318788,0.5297151845081574,16.764549619146628,211.63389558885817
2026-11-17T11:06:19.504657,Versova,13.069888848304807,20.941529083537272,0.6885738765459575,0.001315498319245655,4.534220836935765,230.35746691606212
2026-11-17T23:06:19.504657,Juhu,12.508284251726845,44.054592415411385,0.4558080548752966,0.6272971726462447,0.0,199.92641818770318
2026-11-18T11:06:19.504657,Juhu,13.50969715359749,62.415958845197586,1.6369392059883188,1.957402935446881,0.0,198.47210202399972
2026-11-18T23:06:19.504657,Versova,12.472039703019233,64.5301317812633,0.17835946517105394,0.20027898452192774,0.0,183.8685190241196
2026-11-19T11:06:19.504657,Bandra,10.470502450494598,20.789149343223965,0.8115440442940886,0.9578805021285336,2.558544799261483,93.36818470766403
2026-11-19T23:06:19.504657,Versova,14.19074926119885,37.574413409518314,0.6280907221363337,0.16213484395466105,9.10251681532861,235.1130899912495
2026-11-20T11:06:19.504657,Bandra,7.3976259196534455,69.14732255827322,0.9846334060425542,0.5657812529045575,0.0,145.4722945796477
2026-11-20T23:06:19.504657,Juhu,18.496564356619672,66.09241256974636,1.1074322336845184,0.34578207478832296,11.685803642733815,378.25951877124584
2026-11-21T11:06:19.504657,Bandra,8.57365578924416,34.056164222350176,0.42459314532821396,0.31756983853642023,0.0,129.67933673243607
2026-11-21T23:06:19.504657,Bandra,10.550480115225263,18.840885000732463,0.9775153180345961,0.232039030140188,5.693741568237122,130.4292302490501
2026-11-22T11:06:19.504657,Bandra,10.845623929187788,40.15098521085803,0.9508610028479753,0.9851722565507827,0.48792475617185693,205.37489821665534
2026-11-22T23:06:19.504657,Versova,13.592404751018188,23.536194518659013,0.8346790216039724,1.0948338140175127,0.0,148.40812943509428
2026-11-23T11:06:19.504657,Juhu,14.466126011786828,26.460092130999847,0.48551553042545853,0.4469307571534291,8.290653201657731,256.30072007759134
2026-11-23T23:06:19.504657,Juhu,13.291034514513173,64.8785558158927,0.7314303826621372,0.8956767196081985,0.0,104.01058151741694
2026-11-24T11:06:19.504657,Juhu,13.343088799185036,35.899543214553965,0.8468798724858491,0.37601149801255135,2.5597714641877105,126.51278268275269
2026-11-24T23:06:19.504657,Juhu,15.543813096607348,47.50718111235783,1.1288274302479826,0.9832327602531762,15.536789604456933,280.9652550795181
2026-11-25T11:06:19.504657,Juhu,6.991086020945353,77.25736741414256,1.083985492499131,1.029826821538083,0.0,145.98120695514112
2026-11-25T23:06:19.504657,Versova,8.956617705542373,46.33531079462627,1.1324715683299738,1.5375461983043504,18.415494763953667,312.9394864504441
2026-11-26T11:06:19.504657,Versova,9.561669087508438,61.10167577324067,0.4593744634391403,2.324770564513212,13.160074197184983,204.70523355777775
2026-11-26T23:06:19.504657,Bandra,13.631614747765179,39.16669902866409,0.9110901901533286,0.7932562898652453,0.0,68.99557246251284
2026-11-27T11:06:19.504657,Bandra,11.83225949383542,36.828199887921,0.4827432857319593,0.10389594143029567,0.0,150.27496628996036
2026-11-27T23:06:19.504657,Versova,14.064779132317241,55.954779574751214,0.5883386158164617,0.2338601953380534,0.0,201.363152851587
2026-11-28T11:06:19.504657,Versova,13.07148520843215,29.366257568139062,0.7376291031502278,0.9823141942514136,0.0,159.86740453394938
2026-11-28T23:06:19.504657,Versova,17.240362159805855,3.804368615798225,0.2881217540091082,0.646058483692999,4.419336870885175,128.31737822062462
2026-11-29T11:06:19.504657,Versova,10.157885515351767,57.30873276708632,0.1037895249602957,0.9133800087681985,0.0,110.52334178474958
2026-11-29T23:06:19.504657,Versova,9.330465687176575,25.784408835102195,0.8762383061214307,0.0852354562550328,6.9705097883972655,237.00013814336467
2026-11-30T11:06:19.504657,Juhu,14.288426068719884,78.61859664531397,0.9472840062860812,0.5441305304886603,24.710997795809778,345.7676095565105
2026-11-30T23:06:19.504657,Bandra,11.785980004498791,79.3953358585903,1.3326243725464066,0.2424927040446568,3.077352688284212,209.52670993258727
2026-12-01T11:06:19.504657,Versova,13.811344408658876,55.7648843780059,1.3110202835146363,3.7739474240059776,0.0,159.97874853411116
2026-12-01T23:06:19.504657,Juhu,8.961943309894522,9.800822357014994,0.6662614058519549,1.1821950132590504,0.0,103.9504324241996
2026-12-02T11:06:19.504657,Juhu,14.256392847382914,11.96497664983091,0.8103072399326814,0.5130748250547222,6.445789762112307,243.96676379954067
2026-12-02T23:06:19.504657,Juhu,9.912190792647856,84.8473132769189,1.1004208730690197,1.4206620503857754,0.0,92.12486323934206
2026-12-03T11:06:19.504657,Bandra,11.083501610839042,68.73845336470873,1.425834412319629,0.47804767882120586,3.86986298393111,210.3379463485166
2026-12-03T23:06:19.504657,Juhu,15.002461493305242,29.366558553062248,0.5457118362509348,1.304980511263221,8.185946183432133,221.85764635358623
2026-12-04T11:06:19.504657,Bandra,16.375972568812987,31.07228415814368,0.3903444733665348,1.8712340687958078,13.884208685804039,349.4467839979427
2026-12-04T23:06:19.504657,Versova,17.66016467777266,14.988108257824948,0.8332689290490237,1.681922450772323,17.365528527660828,397.52769132717094
2026-12-05T11:06:19.504657,Versova,16.433160885906226,38.79095714600354,0.4944987365366799,0.3342648845039635,0.0,214.50973068533148
2026-12-05T23:06:19.504657,Versova,14.470269553686935,63.912668551352596,0.951309519715523,0.6106097895881529,0.0,130.4447512302532
2026-12-06T11:06:19.504657,Versova,10.605573659381962,27.142607638456816,1.3933621161201137,0.09697477497294743,0.387607200614822,96.55005036603939
2026-12-06T23:06:19.504657,Versova,13.112272676636625,67.13049850037831,0.8024072725577802,1.3256640119853584,0.0,149.3899819705102
2026-12-07T11:06:19.504657,Bandra,10.8094817609824,24.71677469490065,0.5909071947069313,0.3963072030804284,0.0,153.37239767081743
2026-12-07T23:06:19.504657,Versova,12.355198000468933,59.54835416847037,0.8183483790706924,1.438992537903412,0.0,191.76640474491106
2026-12-08T11:06:19.504657,Bandra,5.5988429203764545,49.31337541867237,0.6942361271790141,0.1931182733398341,0.0,64.20709531546682
2026-12-08T23:06:19.504657,Versova,13.358985831272108,54.884058758599615,1.059534745126352,1.1116438557043287,6.689935211041382,279.78579647139236
2026-12-09T11:06:19.504657,Bandra,15.677534149594377,27.21016519023106,0.6665929918541382,0.9690566769717704,18.486630689665503,275.4866096426434
2026-12-09T23:06:19.504657,Versova,13.797269277791427,48.51347424983559,0.5094549059114314,1.264796852080303,0.0,113.25032623057056
2026-12-10T11:06:19.504657,Bandra,13.218237499889813,23.257611618757565,0.6327835636100722,0.22115224028308725,7.141847580629287,289.65144636858514
2026-12-10T23:06:19.504657,Versova,18.015589020706336,40.84749486597813,0.8834376468608315,1.604501971022277,0.0,119.07954350753633
2026-12-11T11:06:19.504657,Bandra,9.979381056308272,40.61444958631067,1.5558556459617068,0.21625029531081544,0.0,167.74420517981773
2026-12-11T23:06:19.504657,Versova,9.910616730639935,82.28399051774699,0.5986077225886742,1.1915946484407787,0.8919819661257138,105.39828053546896
2026-12-12T11:06:19.504657,Juhu,13.97420272667056,43.63817014215875,0.5049581225887607,1.3877078492571053,0.0,186.25827858349848
2026-12-12T23:06:19.504657,Versova,12.544487302502084,45.052997880011105,0.43509428522778787,0.5346216537018983,0.0,88.6072254815911
2026-12-13T11:06:19.504657,Bandra,13.542196292456937,57.929535723967035,0.8497837588436945,0.21778112896415153,0.0,149.9138806346406
2026-12-13T23:06:19.504657,Versova,8.552714993239444,82.87568179664098,0.36874588615058845,1.1651059975422153,2.838273642292626,128.61814017174058
2026-12-14T11:06:19.504657,Juhu,13.689299782652176,49.52476177334843,1.1353801468181457,0.6069897272888397,0.0,109.12760102831948
2026-12-14T23:06:19.504657,Versova,20.14544795166755,13.940603885248926,1.22514610514976,1.1098842522728007,0.0,229.69995550021676
2026-12-15T11:06:19.504657,Versova,9.433171894270322,57.05800090496307,0.6240763769516265,0.9795447859311368,0.0,109.65654979010208
2026-12-15T23:06:19.504657,Bandra,10.581300814102173,52.3794602420469,0.7090544483069973,1.3090049064816902,10.70037758934324,283.2731347236591
2026-12-16T11:06:19.504657,Juhu,12.366242631100622,57.800532367686586,0.9069237750603129,0.46390088204915597,19.997558319580197,257.975872777824
2026-12-16T23:06:19.504657,Versova,7.741846932611878,49.479899378020974,1.021029003550369,0.8051420684493954,6.188603301446354,95.6483765989523
2026-12-17T11:06:19.504657,Versova,11.909709878128401,37.83040718139348,0.740648942948865,1.3906204809063067,0.0,220.66338428348743
2026-12-17T23:06:19.504657,Bandra,3.880444626555409,35.58651527481726,1.1092812704108974,0.5028998669250642,0.0,0.0
2026-12-18T11:06:19.504657,Juhu,8.22456583402377,74.09499070741177,1.3642283438607945,1.6772900381480231,2.9173272537830903,141.12540734359675
2026-12-18T23:06:19.504657,Bandra,6.887557593980035,57.186731476732305,1.2257807508089122,0.2796247054715665,0.0,64.40738695923699
2026-12-19T11:06:19.504657,Versova,15.217324785479772,45.20042303481138,0.5933916699664297,2.0470949398518576,0.0,122.67982063799417
2026-12-19T23:06:19.504657,Versova,13.900106427824888,16.868266252551813,0.7647285608971804,0.13387533337234306,0.0,202.02862371686393
2026-12-20T11:06:19.504657,Bandra,6.417297692367718,47.829586829676074,1.19960954348937,0.4132158330765317,12.746531240383412,227.28199167253362
2026-12-20T23:06:19.504657,Bandra,10.15995905212784,48.43180518278568,1.0784995200128702,1.2222477644711776,0.6981845087151841,164.99576013181374
2026-12-21T11:06:19.504657,Juhu,15.078717245695431,58.3748680524279,1.3225403142310883,0.20983607111741015,0.0,186.3514158231503
2026-12-21T23:06:19.504657,Juhu,10.337757610979322,7.948857304810787,0.95314325564174,0.763016108767548,16.539675407780415,280.84183118703015
2026-12-22T11:06:19.504657,Juhu,11.876293426359947,36.5793930827501,0.3507353116519517,1.3114328202944496,0.0,180.6436155314119
2026-12-22T23:06:19.504657,Bandra,12.988030708144416,26.62121365627114,0.5680038180156444,1.0014657303926258,5.018214128389714,196.02333278530693
2026-12-23T11:06:19.504657,Versova,11.352365587586624,45.98189462611343,0.3944877403926061,0.09789966181974016,0.0,167.5106252676425
2026-12-23T23:06:19.504657,Versova,14.27358590530913,39.522704131859136,0.6934908778569502,1.5069743407801588,0.0,241.5424122752888
2026-12-24T11:06:19.504657,Juhu,12.489338134096231,39.795849972821166,0.5388409231315978,2.817321568730241,7.636681497189953,245.08898011490626
2026-12-24T23:06:19.504657,Versova,20.04628444094907,31.79080252874983,1.182558171348332,1.6712493237631374,5.102419795891495,259.5777228876908
2026-12-25T11:06:19.504657,Juhu,9.897391653352171,37.659547705567164,0.68287724407351,0.833648900128006,13.373939949136822,268.2778605029625
2026-12-25T23:06:19.504657,Bandra,11.833774464631956,42.12159539928266,0.5187810651482059,0.8292340312410948,0.0,175.88203910827028
2026-12-26T11:06:19.504657,Versova,14.255312693912419,55.807680955473295,1.3808831337933691,0.0035170284108018953,0.0,133.5229764878091
2026-12-26T23:06:19.504657,Versova,11.480411335058792,11.000293959215213,0.4861381708771078,0.3016363333415565,0.0,104.23755947803458
2026-12-27T11:06:19.504657,Juhu,15.957313612495899,66.72960245780763,0.9337279553651386,0.5580795594921771,4.323469642077834,235.59170186376514
2026-12-27T23:06:19.504657,Versova,11.216155446340897,49.9961252006274,0.5190749903408071,2.5650650142621094,4.253203885554821,87.67103337195762
2026-12-28T11:06:19.504657,Bandra,14.14240379826484,46.98028898974515,0.6432755814867472,0.3209944124772226,8.682292534995744,207.94143134922234
2026-12-28T23:06:19.504657,Juhu,13.429228075026096,29.108572432543014,0.7481159975464016,0.4805808417364707,1.1455118823017667,84.9661906404761
2026-12-29T11:06:19.504657,Bandra,12.152273641456606,39.272030369980875,0.6495754859274505,3.8696302859931966,9.197913240500053,183.96914609810017
2026-12-29T23:06:19.504657,Versova,9.675593465593412,34.347864866530074,1.3686522037974065,0.25772367780188715,0.0,54.42717622783223
2026-12-30T11:06:19.504657,Versova,10.78733012887444,39.47329190146931,0.8690421953801526,1.4072617454151202,0.0,113.55670676127002
2026-12-30T23:06:19.504657,Bandra,9.12331151565631,32.268855805477976,1.0221560459899985,1.007725100689681,9.553929964573577,230.0085702222927
2026-12-31T11:06:19.504657,Juhu,11.35383513341977,42.40263346505442,0.6861351395696972,0.09186264951644997,17.56958173417884,269.30191897309726
2026-12-31T23:06:19.504657,Bandra,13.687859636204589,22.935274431288036,0.9365302297904053,0.15875765593708677,1.945385636308746,208.70109722100037
2027-01-01T11:06:19.504657,Versova,12.787897101324496,49.90583485273871,0.4272497489241839,1.215171794643699,6.072039897442451,154.42311859028953
2027-01-01T23:06:19.504657,Bandra,10.75923385867295,46.29308144278246,1.0692593839045648,1.132927205980147,0.0,190.5098137230713
2027-01-02T11:06:19.504657,Versova,10.411118281986614,29.070387630032755,0.35807730708061586,0.09611252729230176,3.3061326109040587,123.59554528247864
2027-01-02T23:06:19.504657,Bandra,16.53972324353014,60.52829837276862,0.562769986023485,0.04628441863979351,8.733955364172832,259.98922073880965
2027-01-03T11:06:19.504657,Juhu,11.560104677869193,47.36919097478441,0.46043408644022055,0.8992024594027123,0.0,148.21667661972145
2027-01-03T23:06:19.504657,Juhu,12.50674503857636,72.77569014949596,1.2259511370182223,1.0798494033124237,20.3044866764353,344.00634461359454
2027-01-04T11:06:19.504657,Versova,14.310884274238811,59.3452708756643,0.5421802367548398,1.4166806835911638,0.0,145.0967233790066
2027-01-04T23:06:19.504657,Juhu,11.81009033165599,43.42823214171286,1.159510570812038,0.2687194475316264,0.14336422175760022,112.79505326211329
2027-01-05T11:06:19.504657,Juhu,11.39929999382992,68.09995121083236,0.8580985293550398,5.519226153335959,0.0,170.08260929256284
2027-01-05T23:06:19.504657,Versova,15.124218886557376,8.428073673121162,0.7106738195500323,0.6948785618576736,0.0,197.01236354794278
2027-01-06T11:06:19.504657,Juhu,7.368093304574299,40.793910100159145,0.8610531081244751,1.9333423676237118,0.0,123.42961749982568
2027-01-06T23:06:19.504657,Versova,9.977025758392848,49.21132914623118,0.3584422796847136,0.22201468131536387,0.0,68.66744743011091
2027-01-07T11:06:19.504657,Bandra,14.35263391032707,50.02007086300293,0.8538242513146524,0.5776106141522704,0.0,102.87353478739624
2027-01-07T23:06:19.504657,Versova,9.52102661155398,23.16029290237067,0.895203801726023,0.15745240641679967,10.76509511123356,157.76205693635413
2027-01-08T11:06:19.504657,Juhu,14.015816606539786,66.09784825103495,1.0832126444447254,1.121583810192477,0.0,149.25407358476153
2027-01-08T23:06:19.504657,Bandra,12.178995556939643,9.524345391724893,1.1148039636791096,2.2682787008780045,0.0,153.2605623202649
2027-01-09T11:06:19.504657,Juhu,10.620417177035426,69.4758724502633,1.0847889495125949,0.8703268023463019,0.0,141.46990868556858
2027-01-09T23:06:19.504657,Juhu,11.282954250786238,23.718116971457995,0.48423446319593805,2.317410284567644,2.98828801411863,147.01197966062483
2027-01-10T11:06:19.504657,Versova,8.82990648547915,18.246516278246318,0.9836514855855752,0.8153560914702718,0.0,73.27192231422337
2027-01-10T23:06:19.504657,Bandra,13.965674242279082,43.36907288261286,0.9394637662448134,0.06445872024976099,10.895929336599202,288.943776531347
2027-01-11T11:06:19.504657,Versova,12.75212933357225,27.8034905842421,1.189876543299562,0.09744204580034407,0.0,157.8730118337321
2027-01-11T23:06:19.504657,Juhu,11.08672206358547,53.7767687351288,1.0673194908387411,0.1950346011587351,0.0,114.54269340446578
2027-01-12T11:06:19.504657,Bandra,11.9130228242439,37.16658780991935,0.23524377455976098,0.20648054378840064,0.01543968412252529,258.1044682315747
2027-01-12T23:06:19.504657,Juhu,11.71462536733959,16.758487873687393,0.8496474692399422,1.144242700772781,9.661396608610485,265.0130447718237
2027-01-13T11:06:19.504657,Versova,6.397308190683731,18.627160683349988,0.447015895040579,0.8473213807885135,7.4048960041053284,78.08006279302552
2027-01-13T23:06:19.504657,Juhu,17.849707193149992,36.161926736691804,0.7028991675995488,0.20262585520119622,1.0656189139487766,170.421048336041
2027-01-14T11:06:19.504657,Bandra,9.542129143270742,43.338431180722324,0.7407216293832923,1.1375877315993963,0.0,213.61984778090044
2027-01-14T23:06:19.504657,Versova,9.214163600493016,32.42293626914432,1.2270923210110187,0.5925085956641662,0.0,57.987836542427246
2027-01-15T11:06:19.504657,Versova,14.181574591049404,37.25017370189132,1.0137513326276482,0.2976128601608141,0.0,108.48525591831842
2027-01-15T23:06:19.504657,Versova,15.823389389435855,61.31937786623388,1.0987608777141895,1.5411572924988715,23.684817093253812,443.3458847483994
2027-01-16T11:06:19.504657,Versova,12.52833935282857,63.11291806607592,0.8456959379613673,3.5040800884900665,12.891318354374448,303.8113477858874
2027-01-16T23:06:19.504657,Bandra,13.498138981847388,30.46927572068911,0.30976524444888975,0.3690478618187515,0.0,103.39879687780859
2027-01-17T11:06:19.504657,Juhu,13.23625039461438,70.28218217125004,1.0527117437058964,0.45568566387949094,12.081165131695988,150.36821924639472
2027-01-17T23:06:19.504657,Bandra,13.174408778611129,79.39515152302197,0.6150235732368488,1.3110633383598742,12.914092431291538,188.058498815522
2027-01-18T11:06:19.504657,Bandra,10.056485437133682,91.449228672803,0.36700116637695884,1.1843861312480097,3.5423473452920797,166.9252682962533
2027-01-18T23:06:19.504657,Juhu,9.579688643992442,43.450344513362275,0.9684333382579856,1.1711545830491081,0.0,135.21953872016758
2027-01-19T11:06:19.504657,Bandra,13.076544218036757,37.96417423713969,0.6722225624057997,1.1580808222451753,0.0,176.85309472937593
2027-01-19T23:06:19.504657,Juhu,12.548743690860768,7.925355175617533,0.9386462288179033,0.4080421823209485,0.0,177.74955138303906
2027-01-20T11:06:19.504657,Versova,13.181426513973793,74.9832268334518,0.5921507846257572,0.2320230771139811,6.508226524187892,278.2597005067376
2027-01-20T23:06:19.504657,Bandra,15.630063934337231,50.566041031263545,0.966665744549767,0.9067434473586904,0.0,252.00575410890457
2027-01-21T11:06:19.504657,Versova,11.143375124078329,75.84619275331914,1.581395831870552,0.34537553495473794,0.0,139.22255882562774
2027-01-21T23:06:19.504657,Versova,15.899613730591813,30.719165124450903,1.0792662148375514,0.7548080877202507,18.10522478420993,316.39085740453385
2027-01-22T11:06:19.504657,Versova,13.78971703465065,14.451225061779613,0.3489280551253191,0.7003365168461307,2.471329322088542,178.57945560917034
2027-01-22T23:06:19.504657,Versova,15.20785111918555,40.83589484020068,0.5636832700203442,1.5183784805918876,2.262922672434364,208.96843790313855
2027-01-23T11:06:19.504657,Juhu,12.736298172671354,44.68932303929162,0.31337210654885966,2.892460602823149,19.583910176728395,290.1338018863815
2027-01-23T23:06:19.504657,Versova,17.277649810687286,35.95458321612887,0.9959942942643623,0.0992205718267934,0.0,279.5279507739044
2027-01-24T11:06:19.504657,Versova,9.340082492386205,45.729735326823985,0.3076457783397662,0.03287995773454745,7.468670108353807,273.0496390834969
2027-01-24T23:06:19.504657,Bandra,16.212948845984858,49.90471695788473,1.0848924495849601,0.6831020694559762,0.0,117.26207975085619
2027-01-25T11:06:19.504657,Bandra,19.286804214230713,69.36045609439287,1.1104020191916366,0.13039681326811092,0.0,221.14044491238042
2027-01-25T23:06:19.504657,Juhu,10.880178426013938,7.565697605519198,0.5930637365812684,1.6091731904004793,0.0,113.0738101543871
2027-01-26T11:06:19.504657,Juhu,14.61517327255241,49.417897360148075,0.9738954070245336,2.177033643232577,0.0,206.29067082164332
2027-01-26T23:06:19.504657,Juhu,13.563647373566175,3.313367573143992,0.6325309212806648,1.6241954784892627,6.1282532166932135,157.86531833329573
2027-01-27T11:06:19.504657,Juhu,10.798986845181819,37.446896998104606,0.8289396928428121,0.5057254037968709,15.5911125308812,284.4223453709748
2027-01-27T23:06:19.504657,Bandra,5.649292224130955,69.91827697236914,0.36091206259031394,0.6085902253114083,0.0,73.14503799967436
2027-01-28T11:06:19.504657,Versova,14.246808341417779,65.60015159080851,1.319997411582008,0.1049837253738827,8.398180469600435,253.72094814227097
2027-01-28T23:06:19.504657,Versova,13.916870442638237,30.830237969418178,0.6694842199292421,2.5306134493160823,0.0,173.7845863689413
2027-01-29T11:06:19.504657,Juhu,15.098680452275016,63.548682878668174,1.2813874124164841,0.445248890799474,1.6431265811798266,170.52080580361317
2027-01-29T23:06:19.504657,Versova,11.613677235647264,16.794709436520066,0.6839619986428023,0.1601156300590955,0.0,215.58024241544018
2027-01-30T11:06:19.504657,Bandra,8.999188431669635,58.88899018693996,0.6969787787892997,0.3541882616923716,0.0,75.10726310491883
2027-01-30T23:06:19.504657,Bandra,6.316256548583091,41.799226528413115,0.8976455336973853,0.6050135300836702,10.995844643276696,162.89719890775814
2027-01-31T11:06:19.504657,Versova,4.199637899403051,74.71023773730946,0.18759152117960676,0.022198065984478436,22.957246011475327,298.4204269262155
2027-01-31T23:06:19.504657,Versova,9.422441106418646,30.45974263126176,0.5902904717211753,0.6052498714502911,3.0751888125060884,21.066964408359965
2027-02-01T11:06:19.504657,Juhu,11.562085426371752,62.57309700360758,1.2046079595936536,0.7334328323486546,0.0,237.52634629590284
2027-02-01T23:06:19.504657,Versova,13.16983679815031,46.497751687431155,0.4260314101521721,0.22539556186524848,0.0,190.20060704238887
2027-02-02T11:06:19.504657,Juhu,7.719863082700108,46.88633042556862,0.35809197842646534,0.7732924516901792,0.0,90.68369924936317
2027-02-02T23:06:19.504657,Bandra,11.534854023445105,48.3373049488331,0.1846932534421708,2.1956706368421006,9.469748008755056,129.96661525336253
2027-02-03T11:06:19.504657,Versova,10.551366842126596,39.63446157351108,0.8354952453682629,0.764102883403811,0.0,80.7871988439517
2027-02-03T23:06:19.504657,Bandra,12.870263698906298,45.878010662467766,1.0791599957973774,0.6742830468602985,0.0,179.25562992178445
2027-02-04T11:06:19.504657,Bandra,8.75696379071232,72.72755614561214,0.7945328496587836,0.41654077089966385,14.023944645124368,188.98327833286115
2027-02-04T23:06:19.504657,Juhu,14.99889313078045,62.530810245846055,0.0,0.11655768507055846,0.0,101.88805488886895
2027-02-05T11:06:19.504657,Juhu,13.116244436002159,59.68110410006539,0.7971142764513942,0.0011292599010018808,0.0,190.44293807150336
2027-02-05T23:06:19.504657,Juhu,10.34162724736446,33.09388604612035,1.2307569392257693,0.3773367635194663,2.8456679047452624,145.12322967597342
2027-02-06T11:06:19.504657,Versova,9.450275241719623,31.214467536952245,0.5945011549620822,2.941756100892509,0.0,153.65725235942716
2027-02-06T23:06:19.504657,Versova,7.227705009191421,52.44704928940118,0.6794382615572226,0.5527548393458962,0.0,77.37228159933188
2027-02-07T11:06:19.504657,Bandra,8.850680525218081,67.96515685169082,0.9893712559968102,0.7974476971547968,4.282241767068445,153.24764171298187
2027-02-07T23:06:19.504657,Versova,15.486573157957748,63.025924224120516,0.5170971788060286,0.26728367592676616,0.0,203.17820584978904
2027-02-08T11:06:19.504657,Bandra,8.053685202338214,71.78297350315083,0.7936361075249863,1.489453330206657,0.0,62.936038723316166
2027-02-08T23:06:19.504657,Juhu,12.53309413737072,29.106816317083922,0.5866040268360296,0.8398120774091848,5.951311859137686,230.56950501149606
2027-02-09T11:06:19.504657,Juhu,13.99336015307926,73.38128826715042,0.21512294818219024,1.5637932905167415,0.0,130.97843108190708
2027-02-09T23:06:19.504657,Versova,13.575839605472348,56.77727668901474,0.8858753813902329,0.2224671125057348,0.0,208.38622032607603
2027-02-10T11:06:19.504657,Bandra,9.425900090116805,73.53672283511303,0.7620017355407678,0.1360535641556475,0.0,79.40185416090836
2027-02-10T23:06:19.504657,Versova,6.73272631466502,49.31807741052455,0.776885026362199,0.5519178095051215,8.874450191196289,131.81747927132957
2027-02-11T11:06:19.504657,Juhu,14.53695413030134,43.34972962177211,0.28843771766719506,1.0575347601013263,0.0,175.85847300080906
2027-02-11T23:06:19.504657,Juhu,13.563093469842597,48.25710963568002,0.45706009964112265,0.20741673443775657,1.1983941513104417,176.98455519800518
2027-02-12T11:06:19.504657,Bandra,16.040752508428344,52.91530303050247,0.8319428913514482,1.7810271023450404,16.923130191048756,323.79314858742873
2027-02-12T23:06:19.504657,Juhu,11.861400507746206,48.6425817262445,0.8656489154479319,2.5498598324407813,0.0,124.57782173077057
2027-02-13T11:06:19.504657,Bandra,13.778502511899223,39.38272488850072,0.6412292898430965,2.0360688180477564,0.0,208.51485483825772
2027-02-13T23:06:19.504657,Bandra,12.894400191627671,48.64632760467393,0.6450402494120336,0.40241491862536566,6.986545055665745,195.62044603329446
2027-02-14T11:06:19.504657,Versova,12.00088966282365,29.890783972142362,1.469934775139653,1.525288120544028,10.329960790963895,165.46845206341837
2027-02-14T23:06:19.504657,Bandra,7.347909898354373,48.149495906977194,0.5292647410718825,0.5326502172292928,0.0,91.9909292903904
2027-02-15T11:06:19.504657,Versova,8.57101808767021,39.470974926803265,0.6665926599948575,2.5130509161422525,6.352455366039567,114.92499579592531
2027-02-15T23:06:19.504657,Versova,14.492039632604849,22.616725936211278,0.9610928362099641,1.4299642133528283,3.0452911878935662,198.57540813888428
2027-02-16T11:06:19.504657,Bandra,10.555554018636009,60.04966754148437,0.6235674203227072,0.9638986191488146,0.5806383002443511,198.51686231432194
2027-02-16T23:06:19.504657,Versova,10.781912536761855,55.74359629083472,1.0832644520755443,0.6415792529954302,1.9516204714181802,186.56115554925196
2027-02-17T11:06:19.504657,Bandra,13.862525244100016,57.420703863093124,0.7481269662528559,0.23954365590315765,0.0,130.34668008322413
2027-02-17T23:06:19.504657,Bandra,12.547847350996188,22.51193008519455,0.27447322496303517,2.2464698489466675,11.288327469434469,193.2041528454495
2027-02-18T11:06:19.504657,Versova,13.298551207559921,15.534613684339046,1.047127884432753,2.4915874584817845,0.0,210.60778074376492
2027-02-18T23:06:19.504657,Juhu,11.832310600159213,43.42818408062361,0.8620032885617349,0.08132903077957207,0.0,197.66843997291414
2027-02-19T11:06:19.504657,Juhu,4.5699553319099335,54.18582693503777,1.0381630704720872,0.09073824692090424,3.525539275835807,52.127223765084764
2027-02-19T23:06:19.504657,Versova,12.57476131918191,51.617983701101664,0.446315788770186,0.7062245097125353,0.0,215.30381129636095
2027-02-20T11:06:19.504657,Juhu,10.208570839976138,16.147286579736388,0.82986727927999,0.7879760565258112,3.65169001048321,167.90111553184485
2027-02-20T23:06:19.504657,Juhu,8.5619237175516,77.82300540478954,0.6608472021032672,1.4350468531881315,1.0933684275588027,107.78356095155233
2027-02-21T11:06:19.504657,Juhu,9.467972446463587,27.437565927890947,0.5045161624648904,3.2172913757430393,0.0,111.70370516507202
2027-02-21T23:06:19.504657,Versova,10.660471731459348,46.43030729002611,0.6054242868085177,0.07532326848172746,0.0,118.35512992848074
2027-02-22T11:06:19.504657,Versova,11.816607723006388,354.45101259884655,0.7845453995886581,1.3878512808534749,0.41952312960361793,260.6543771702978
2027-02-22T23:06:19.504657,Bandra,12.35793490161237,49.347442533886195,0.4816889980303445,0.1098341204281768,12.615837655217357,339.2942663685877
2027-02-23T11:06:19.504657,Juhu,17.19312114443542,33.561429076031345,1.0445972500427043,0.43186400399703334,4.187145588757942,172.62996493692236
2027-02-23T23:06:19.504657,Versova,8.22413622789617,46.005582432551606,1.4940600320757356,0.6722651334696083,0.0,61.0653940064978
2027-02-24T11:06:19.504657,Versova,11.934145968492503,53.8960599603915,0.342116301849503,1.4625923905289113,0.0,69.58158497523256
2027-02-24T23:06:19.504657,Bandra,11.900850333808187,38.68582316538119,1.2843028750753105,1.7910903213864198,0.0,223.44722283215816
2027-02-25T11:06:19.504657,Juhu,15.357032305058649,21.45936737093858,1.2687063528119689,1.1167214932772522,0.0,212.38393646612624
2027-02-25T23:06:19.504657,Juhu,7.914065012314391,93.75340976856046,0.5217079286198785,1.8383788272191595,4.115211163331015,235.2382653485687
2027-02-26T11:06:19.504657,Versova,6.0309980681185715,65.89332471350814,0.6159204284785976,0.2365398798178719,0.0,82.85809784003956
2027-02-26T23:06:19.504657,Bandra,10.255584125106669,65.92312330446754,0.49903273966946954,0.9949620605455953,0.0,230.60263075495837
2027-02-27T11:06:19.504657,Versova,9.228308650437974,61.86706567829412,0.51807501961049,0.8557260089378326,0.0,141.70010524019904
2027-02-27T23:06:19.504657,Bandra,13.462566176087034,79.08221041733609,0.8944962606261503,1.3284626234103956,6.240901831841357,167.20762681394078
2027-02-28T11:06:19.504657,Juhu,8.74211048777488,63.36836609144127,0.38973387312469415,0.20573606704619357,0.0,9.870286285698825
2027-02-28T23:06:19.504657,Bandra,12.541016071991663,18.135812188321985,0.5121935118055632,0.4331365168650633,0.0,155.65052351720948
2027-03-01T11:06:19.504657,Juhu,11.482346227455396,18.49437256095118,1.2038310271587442,1.120093301217261,9.194424164250405,272.24864069222303
2027-03-01T23:06:19.504657,Juhu,11.903304933715987,14.904302157891642,0.8402223604709171,0.33638065981977355,16.2663638373346,315.5769915139074
2027-03-02T11:06:19.504657,Versova,9.614048806456912,22.906649045449697,0.45705181818797597,0.0624630830073774,6.555543582884527,258.4086936614093
2027-03-02T23:06:19.504657,Bandra,13.307005555924476,78.16524721217577,0.8171646350330195,0.7357065301737099,0.0,131.26971836846997
2027-03-03T11:06:19.504657,Juhu,12.395710586191601,42.8403262797478,0.7661056630680169,1.019960693720902,0.0,203.8502027941994
2027-03-03T23:06:19.504657,Juhu,9.807528147058452,66.90877157032803,0.8932913641738144,1.1020024070509271,3.185560484655797,210.98157796604877
2027-03-04T11:06:19.504657,Versova,15.095828090907336,37.76566024365471,0.8536009325657217,0.6859022336159462,0.0,170.58983997401856
2027-03-04T23:06:19.504657,Juhu,9.343411270063699,37.73491190979542,0.858325166343343,2.505537792750021,0.0,101.31753103027604
2027-03-05T11:06:19.504657,Versova,10.894484363531696,29.94955770836309,0.8461248586425435,0.2982308537853729,0.0,101.42358944540942
2027-03-05T23:06:19.504657,Versova,9.996225208825116,2.0635813566635903,1.0306160342607944,0.2653115728723342,6.627776501472367,15.566025475368178
2027-03-06T11:06:19.504657,Juhu,11.047954633666139,54.001093423702926,0.6231263012191617,1.2873376892915653,0.0,263.92214994915713
2027-03-06T23:06:19.504657,Juhu,13.101646277406402,46.12493080320861,0.5935105616491017,0.2964850061501615,0.0,127.32415439273754
2027-03-07T11:06:19.504657,Juhu,7.410796565513508,39.29623106512681,1.087255333292998,0.1268112322646814,0.0,6.4845654885859005
2027-03-07T23:06:19.504657,Bandra,15.466390332098005,38.900401145305686,0.8773687516783157,1.1704993165786426,9.77897895716481,326.07810266403163
2027-03-08T11:06:19.504657,Versova,15.109204772155596,82.1615381906992,1.248028324957684,0.37844101073202907,12.3165073907513,246.4760515671168
2027-03-08T23:06:19.504657,Bandra,11.717181848307103,48.62922126961277,0.40594166049380176,1.6409784010577357,0.3956972413364813,228.6516941646812
2027-03-09T11:06:19.504657,Bandra,10.814934406684895,82.68862035810601,0.6098025624617801,0.19284301599644588,0.0,154.7065646516038
2027-03-09T23:06:19.504657,Versova,11.803638064733486,68.25755387494311,0.9273078319769897,2.4768432627921078,4.377714613034726,199.77275336841774
2027-03-10T11:06:19.504657,Juhu,11.71084609105531,80.37410246310085,0.8989673491654026,0.2552650828160516,3.3490257198602387,151.91497771692906
2027-03-10T23:06:19.504657,Bandra,11.085996498733032,57.41001798198326,0.0,0.1885423340695178,0.05205261894946381,77.6379733308753
2027-03-11T11:06:19.504657,Bandra,10.426927312227683,108.11075754771264,0.9540979906612351,1.3572473279190802,0.0,94.08143378439308
2027-03-11T23:06:19.504657,Bandra,16.817712169614843,54.49794648764784,0.16271268343730938,3.815627930379525,5.553602040029428,307.97915531635465
2027-03-12T11:06:19.504657,Bandra,13.574506678429975,59.24670533626735,0.9743436671026019,0.004491766220077328,18.89282454250252,314.62763075220494
2027-03-12T23:06:19.504657,Versova,8.980700078484688,41.1630843237589,0.26522382003410316,0.6895769349030139,0.0,115.65178378767482
2027-03-13T11:06:19.504657,Versova,12.342659824766766,32.10208282711324,0.5811688853457053,0.2568992281038021,16.42666517856348,224.81277861599722
2027-03-13T23:06:19.504657,Versova,13.260051425845107,48.68048289534726,1.1561146763804466,3.184680942291719,0.0,227.4608265356368
2027-03-14T11:06:19.504657,Bandra,10.803210915000971,40.68804497320319,1.080702313775222,0.4645558408884632,0.0,108.47482035997407
2027-03-14T23:06:19.504657,Versova,15.658991552827258,61.54055201661612,1.0914032686209167,1.6580947986836256,0.0,185.46320849301367
2027-03-15T11:06:19.504657,Versova,16.40308099160266,64.04784812730942,0.7944472161457294,0.21127693346422804,9.98772968859851,336.94296286310936
2027-03-15T23:06:19.504657,Bandra,11.258761689576842,22.406650813789263,0.6527580600510741,0.1382239280643395,0.0,49.814883981967014
2027-03-16T11:06:19.504657,Versova,11.01732172989306,55.60920537885319,0.3328625717698912,0.5864670753377004,3.8181954994458804,223.68429346304634
2027-03-16T23:06:19.504657,Juhu,11.790444395449072,29.05029005312423,0.9141560915948909,1.4292102313404678,6.9070088934863705,244.17881557122084
2027-03-17T11:06:19.504657,Bandra,12.13207787268543,54.19274636149632,1.0740821652704102,0.36323922330882397,0.0,183.01046347012115
2027-03-17T23:06:19.504657,Bandra,15.088628633873327,11.063838238145479,1.1010186522941086,1.493964566609154,0.0,203.61969965055698
2027-03-18T11:06:19.504657,Bandra,15.950416416852589,37.07599353044544,0.8790611770782484,0.1242844335153714,1.9739523526427756,209.97408223948258
2027-03-18T23:06:19.504657,Versova,9.929882142022146,42.783209256145426,0.8449492185747995,0.029468752435717546,14.654301543277208,242.13943844372488
2027-03-19T11:06:19.504657,Juhu,10.629902565919462,80.38382338473328,0.19514566111983445,1.6085855460510672,0.0,162.52691635324103
2027-03-19T23:06:19.504657,Juhu,16.168329400553382,60.226971267468684,0.9029035880640381,0.2197596690037053,0.8835799115607225,204.856604068096
2027-03-20T11:06:19.504657,Versova,13.884308909501115,90.90321344107033,0.7631965868721159,0.20239862148502993,0.0,163.9526759870333
2027-03-20T23:06:19.504657,Bandra,15.99016979463615,27.25169164606335,1.390833614399594,0.4159964752419837,0.0,155.71955849643857
2027-03-21T11:06:19.504657,Juhu,6.61205179624793,41.966836767685926,1.1713876463624504,0.31995821380381867,0.11046992438890324,23.590722402419473
2027-03-21T23:06:19.504657,Juhu,13.436542719653206,44.45571735244286,0.3710827270908887,0.21695055728636406,0.0,178.67380192105094
2027-03-22T11:06:19.504657,Versova,10.425493562697689,52.27146798458522,1.1047643552647215,2.5552292678367245,0.0,144.72934952344434
2027-03-22T23:06:19.504657,Bandra,17.849869558162023,48.066503585245165,0.7274457529989595,2.131054950470207,0.0,122.55209267442532
2027-03-23T11:06:19.504657,Versova,15.085721170052594,30.45605102813851,0.75494730458153,0.5195734125604937,0.0,129.61316811439895
2027-03-23T23:06:19.504657,Bandra,8.254144090187474,31.352737596174958,0.9892591276512566,0.3837564395829057,0.0,118.94689819457192
2027-03-24T11:06:19.504657,Versova,12.426681349977585,43.319462860486254,0.7485345082855147,1.169710465083066,9.027810686011536,203.82873540827748
2027-03-24T23:06:19.504657,Juhu,11.30439448012263,38.1596530839045,0.453955240733407,0.6830218249782819,0.0,168.93931966280735
2027-03-25T11:06:19.504657,Juhu,11.88752768482554,39.626442449500864,0.9043020626734999,0.6852383266650405,0.0,62.14038573380536
2027-03-25T23:06:19.504657,Bandra,17.592667826377223,38.63598817827213,0.6595035447570604,0.15369112487377343,17.16540657520856,411.2752197364257
2027-03-26T11:06:19.504657,Juhu,13.918912722346017,51.79694777930662,0.4811171809450494,0.2737328561059467,0.0,209.6734706921602
2027-03-26T23:06:19.504657,Bandra,8.127420502209471,62.891155351530145,1.1606218534920996,0.40866615276326584,0.0,199.25381591625586
2027-03-27T11:06:19.504657,Bandra,12.84687026966603,83.34575937211508,1.0487295320055008,0.36780741863997013,3.490980024055043,158.92738669416858
2027-03-27T23:06:19.504657,Versova,12.130651132295991,50.95561926341295,1.3482689756221715,0.12297292340223583,0.0,97.74806131758659
2027-03-28T11:06:19.504657,Bandra,5.133273934036834,56.194095510679595,1.2281920333477605,0.4266027955613822,0.0,9.602780803046443
2027-03-28T23:06:19.504657,Versova,12.784855303638604,52.5074924889601,0.4252488141059329,2.837211409795,0.0,226.16027392951676
2027-03-29T11:06:19.504657,Versova,12.322575001292396,40.61071805310472,0.7292516710262813,0.1794766883042499,0.0,137.50835821350907
2027-03-29T23:06:19.504657,Bandra,11.85687552997231,33.34790958867725,1.224132418247878,0.43841498869804096,0.0,103.78389920671145
2027-03-30T11:06:19.504657,Juhu,12.541404425493619,29.474470320640474,1.6501676695812328,1.8019914050052603,0.0,126.31515498966522
2027-03-30T23:06:19.504657,Versova,14.705980358250413,29.6314663694799,0.9209816832232609,0.9971369114489852,5.103204124441804,315.42653792179317
2027-03-31T11:06:19.504657,Bandra,12.37399018022267,54.442808048511324,1.0728348839569806,1.1966817768964235,10.084159699429913,239.84806070216968
2027-03-31T23:06:19.504657,Versova,11.08768240553006,57.95116828787242,1.3167344200626838,0.15178750300011826,8.410389605482775,105.76658438268338
2027-04-01T11:06:19.504657,Juhu,10.156935636357868,18.628012790762625,1.1260805653498052,0.213353291689909,8.169843266540283,279.8776097660284
2027-04-01T23:06:19.504657,Versova,8.345471799578043,52.92639364015726,0.6109303779060683,1.2014517689593163,0.0,131.51719581976502
2027-04-02T11:06:19.504657,Bandra,18.549344569296366,29.844203043562366,0.3767457191666461,2.1390893159939317,0.18963938165857436,236.7776802775629
2027-04-02T23:06:19.504657,Juhu,15.47988740052423,53.26963231759124,0.35657927282223784,0.7817819735109679,2.429439123508158,281.6994032776469
2027-04-03T11:06:19.504657,Juhu,9.157407777083664,54.79262529380304,1.0772544773071804,1.1537374406156133,4.301429743153713,175.4957843546683
2027-04-03T23:06:19.504657,Versova,4.325136422020711,39.64181503268887,0.6615608372427466,2.504734839610519,0.0,47.859552330804746
2027-04-04T11:06:19.504657,Juhu,13.183265636834683,34.28625763712867,0.9423960937272036,0.03739867618804429,5.698763759795229,170.173572773878
2027-04-04T23:06:19.504657,Bandra,12.21461448735181,66.57190232223746,0.8614702573931374,0.18404610273507377,0.0,208.2959313074709
2027-04-05T11:06:19.504657,Versova,9.842034939575479,38.07293952680327,0.4703459522064979,1.8588000621011358,4.833992794579558,225.50406104981516
2027-04-05T23:06:19.504657,Versova,11.077267831308768,25.644953209058002,0.9693494612142491,5.203935657741123,0.0,160.1522506788056
2027-04-06T11:06:19.504657,Bandra,11.13752705962641,71.9779705133135,0.44599413373604596,0.4915096801564966,0.0,62.39982572680363
2027-04-06T23:06:19.504657,Juhu,12.284085053144434,51.498434820560625,0.8521543407075857,0.9803577431058292,14.940711440034178,270.2423561855669
2027-04-07T11:06:19.504657,Juhu,12.758103026849422,67.8831694358383,0.3265128871548769,0.10057886300866582,0.0,116.15954708605753
2027-04-07T23:06:19.504657,Juhu,14.827581382372927,23.57862524518297,1.5241208406392728,0.11278251247179767,15.170430859547954,303.7425715053325
2027-04-08T11:06:19.504657,Juhu,13.476096708831221,37.657716598553776,0.8094767018457736,0.06397871624639277,8.042382946826748,211.69522094745972
2027-04-08T23:06:19.504657,Juhu,13.77132042685026,49.329712689744824,0.9815057881470527,2.5315201131000835,0.0,193.36206566344507
2027-04-09T11:06:19.504657,Versova,15.392019631991667,47.51017748964375,0.3765272944624812,0.7704779575329043,14.939281436421975,291.53794374412377
2027-04-09T23:06:19.504657,Versova,13.578639964727955,58.16086721460809,0.26408395645339355,1.1320031362523983,0.0,172.44964537176554
2027-04-10T11:06:19.504657,Bandra,10.438909470488655,40.80720013161675,0.9825474946034237,0.6138348765512939,0.0,183.16963240342685
2027-04-10T23:06:19.504657,Juhu,13.453588448694907,65.10349408736647,0.8461149406133457,3.212697559723055,0.8311097156466394,188.59376120085003
2027-04-11T11:06:19.504657,Versova,12.993987756182422,15.881701610683887,1.4311284430837383,1.4909877506185287,2.669757831275602,268.6695526949244
2027-04-11T23:06:19.504657,Juhu,6.278268648822377,52.38769588066667,1.3329615543300284,0.5148850615586094,0.0,86.74931427892955
2027-04-12T11:06:19.504657,Juhu,7.951690960092036,27.363630020291613,0.6226353142272879,0.5215493392423688,0.0,122.23443421927776
2027-04-12T23:06:19.504657,Versova,10.896956629622162,27.698951398318265,0.6012420885326819,0.136107828540057,2.897234485360511,194.51462630815183
2027-04-13T11:06:19.504657,Versova,11.333927577144477,45.33401734535101,0.6904601186612647,0.40834099305435106,0.0,62.09357132887726
2027-04-13T23:06:19.504657,Bandra,17.85578726855227,46.5587459311642,1.1548701468162572,0.6014951162125081,5.069763458281416,326.61456850256144
2027-04-14T11:06:19.504657,Versova,12.253823231138833,77.57625228828445,0.5910768455282359,0.7189720747338041,1.2503767352868775,171.9995222435222
2027-04-14T23:06:19.504657,Juhu,8.535531396821153,31.483982931430095,0.42515705343742977,0.8660864040263054,0.0,136.94345959149643
2027-04-15T11:06:19.504657,Versova,13.884236090700746,24.082795752396436,0.5965886015618541,0.9006535789561022,1.6491137241184104,167.67292051458887
2027-04-15T23:06:19.504657,Juhu,14.37246936376322,39.15825091718666,1.4660337455206967,0.2351889086507554,0.3322046582323055,229.3876903151002
2027-04-16T11:06:19.504657,Versova,11.273554198937216,56.71043065713735,0.29860031970956846,0.1315159028148407,11.054124052149826,269.69445168857146
2027-04-16T23:06:19.504657,Juhu,9.426384000632444,67.49228222460029,0.30479614437279223,0.12140190666285752,1.753698768473225,117.94443445136639
2027-04-17T11:06:19.504657,Bandra,12.751188798888187,34.99694637570541,0.9596067296818358,0.8656479742711604,0.0,106.49807800155844
2027-04-17T23:06:19.504657,Versova,9.35912532309217,31.862815455610026,0.9501679015692943,0.0769420445733636,0.0,160.8903698743651
2027-04-18T11:06:19.504657,Juhu,11.866694416208912,46.30969718914423,0.5732969483813305,0.17450606568602953,0.0,137.4023483056936
2027-04-18T23:06:19.504657,Juhu,8.721353057237165,34.27628313119001,0.7404960992245827,0.34521227926604103,0.6395047508581163,24.45881565859098
2027-04-19T11:06:19.504657,Versova,13.05949288464368,42.88583838048624,0.7436625115531585,0.7850397326814561,6.463201631358254,286.0695947085232
2027-04-19T23:06:19.504657,Juhu,9.889355169514136,60.62476784902738,0.43471296717187885,0.7116352957935015,11.72623982522441,260.19350517512146
2027-04-20T11:06:19.504657,Bandra,17.18062021001864,38.58131258540255,0.8143594691127668,0.2885414484308678,0.0,167.05965883050368
2027-04-20T23:06:19.504657,Bandra,12.022052024759098,23.34318942263313,0.22242133622375448,0.0743471237667113,7.271224814854929,182.21258847262544
2027-04-21T11:06:19.504657,Bandra,15.14520561942488,91.29643183552217,0.8621817697504093,0.5425820604678706,0.0,180.03482087779494
2027-04-21T23:06:19.504657,Versova,9.58088446782969,80.8629026860819,0.689266094023171,0.14234964112646514,8.209727922022664,209.6741950343797
2027-04-22T11:06:19.504657,Juhu,15.042798989273205,76.51440900747531,0.8056371533923823,2.1000160941188826,0.0,148.92502295792906
2027-04-22T23:06:19.504657,Versova,15.401518555941351,45.134378959943895,1.0769998075367784,0.2882146327243525,4.6239603444059485,238.07856025695182
2027-04-23T11:06:19.504657,Bandra,13.351656450632397,46.44498268472405,0.6313512974195818,0.7865178437186925,6.502315094495458,167.1086899521124
2027-04-23T23:06:19.504657,Bandra,10.408773077311105,5.242062409769403,1.1010239150535022,0.7897783358287491,31.011867176830172,361.20866110234806
2027-04-24T11:06:19.504657,Bandra,12.978227540524017,59.28567952202749,1.1436400959678021,1.9294940575145083,1.2060854761357862,208.15022941534542
2027-04-24T23:06:19.504657,Bandra,12.645915261059402,17.25975232334019,0.4725582985098157,1.9842754175360573,0.0,242.71106439084036
2027-04-25T11:06:19.504657,Bandra,10.83437025185087,61.576071202535715,0.44631182600265856,3.168005703646799,5.329527210178333,257.56507978406466
2027-04-25T23:06:19.504657,Bandra,11.563536015968122,43.439781170508304,0.9319714231312741,2.354158399667676,10.752790958354728,189.28350468917932
2027-04-26T11:06:19.504657,Versova,16.351369245377356,46.428416651621866,0.7673454124792516,0.10529041430233878,0.0,231.6772184837057
2027-04-26T23:06:19.504657,Juhu,8.301883438414398,58.37768853341112,0.7474665111772464,1.1312656956581681,7.760047440427078,213.26718003708393
2027-04-27T11:06:19.504657,Versova,15.429217181135009,35.83681342813573,1.163743011188603,0.638361643348459,0.0,239.7403645032523
2027-04-27T23:06:19.504657,Versova,15.232370879237173,23.009938653162184,0.6718548937453339,0.6320709899768807,1.8623871077804397,259.4970062917471
2027-04-28T11:06:19.504657,Versova,14.151171980738258,51.73806527953232,0.9356823132945737,0.08772745300814073,0.0,219.62718688233622
2027-04-28T23:06:19.504657,Juhu,11.847140619683309,35.229385966006305,1.1262813693843237,0.2144466467433113,0.0,174.58512885007522
2027-04-29T11:06:19.504657,Bandra,14.242203584747713,24.9054754470909,0.8987750186478002,2.9033619960833716,0.0,189.44136929554094
2027-04-29T23:06:19.504657,Bandra,9.783103820331855,26.64920377520533,1.1165236778808942,0.6425761590691489,2.074358047805402,84.90711682724188
2027-04-30T11:06:19.504657,Versova,12.458667799801928,10.796497972164111,1.1111514417596013,0.2561554789802673,0.0,256.8268383899804
2027-04-30T23:06:19.504657,Versova,8.6109790934835,44.280227942848704,0.8400737270841142,0.10388524425940536,1.3852728610472018,134.7532733243035
2027-05-01T11:06:19.504657,Bandra,10.716397198140541,79.63516766360704,0.2936885412722555,0.1590776862558601,7.738771734428223,233.35439253247253
2027-05-01T23:06:19.504657,Juhu,6.908462189956094,40.57768071052595,0.7552470044154206,1.9959521985497157,7.6505169356308205,137.7782345974623
2027-05-02T11:06:19.504657,Juhu,9.891387674515142,35.062477453169436,0.8221660808373662,0.7205637574453135,0.0,144.0437878995875
2027-05-02T23:06:19.504657,Versova,13.353458459215869,47.845110151158266,1.0002819579662754,1.3562730998357841,0.0,214.87403820171227
2027-05-03T11:06:19.504657,Bandra,11.986430578474693,26.135144747124443,0.5223634255702827,1.7110209182466722,0.0,235.33575625569617
2027-05-03T23:06:19.504657,Bandra,8.838181130432009,59.53545956572373,0.5962144259106542,0.9079238320395709,0.0,47.21046404462311
2027-05-04T11:06:19.504657,Versova,16.42612729113084,85.3555162635013,0.8131724905631471,0.2843113988950104,0.0,229.2766328719296
2027-05-04T23:06:19.504657,Bandra,8.526929810837375,67.7299071458063,0.5390320012307386,0.1343487640497522,11.985507031120807,281.20368175120575
2027-05-05T11:06:19.504657,Bandra,11.515157217875517,52.07901588753964,0.4060393312860592,1.5423188852452376,0.0,199.19166702732366
2027-05-05T23:06:19.504657,Versova,14.700488200333442,29.616959908932046,1.348165617716095,0.18178006567102728,19.187575237166435,339.6093319726015
2027-05-06T11:06:19.504657,Versova,6.587438670909125,52.70110335875668,0.0,0.240946389872957,3.8135158115491614,112.82276124406768
2027-05-06T23:06:19.504657,Bandra,6.373864800245327,57.78404165910333,0.952978395446112,2.221747851428724,5.783866764705748,35.84395970931638
2027-05-07T11:06:19.504657,Bandra,14.502097398818306,87.64371333612758,1.0006820956387306,0.7377836793178608,0.0,163.48857196544787
2027-05-07T23:06:19.504657,Versova,13.089746600792862,23.413944253445173,0.4926421569274075,2.7216894097494198,1.2506811426048552,214.22195840334032
2027-05-08T11:06:19.504657,Versova,10.892633787483476,95.92109071885584,1.3136914062312797,1.971139989416611,0.0,123.09196154894624
2027-05-08T23:06:19.504657,Bandra,13.304241567283963,65.94214639369763,0.916360426905055,0.6252297377810764,0.0,49.67303265241915
2027-05-09T11:06:19.504657,Versova,15.995425738623718,59.446109675654796,0.8621288541027087,0.6231207504505686,0.0,147.74502147834764
2027-05-09T23:06:19.504657,Bandra,16.154108109008344,36.82460237788517,0.8755469043986106,0.5495358575497525,4.880771525198963,228.8172160294598
2027-05-10T11:06:19.504657,Bandra,13.348174641180279,16.809022391847837,0.8237210804626485,1.4181826012782488,6.381840407282128,228.96003801840084
2027-05-10T23:06:19.504657,Bandra,13.718448665726765,41.389195343720736,0.4865916556716235,0.6911112648310745,1.8450944630186266,232.45951407628175
2027-05-11T11:06:19.504657,Versova,13.352305333565663,27.372468715041308,0.6598569667193412,0.076696009829421,8.175435422521574,259.0249302810862
2027-05-11T23:06:19.504657,Versova,15.916748147431571,30.73378199439577,0.7214164980726938,0.522704183363798,0.0,128.9639778981852
2027-05-12T11:06:19.504657,Versova,16.060064767764608,62.04539699037392,0.3457574544305524,0.4704284731486311,8.545861251325602,149.26396243608554
2027-05-12T23:06:19.504657,Juhu,14.597584675001361,66.37374707317814,0.897705357563248,6.158562522552043,5.88163309412022,303.8934646622696
2027-05-13T11:06:19.504657,Juhu,10.611250861541018,23.150659190473203,1.160148303332005,1.5399202100024447,0.0,147.0079608275262
2027-05-13T23:06:19.504657,Versova,15.069151120410428,35.688920226259356,1.1165324962144758,4.109912637344114,0.0,99.17043147687825
2027-05-14T11:06:19.504657,Juhu,13.922677665463267,51.93448032483901,0.6988920875955871,0.021876888533419105,7.59375499389452,188.5539829312214
2027-05-14T23:06:19.504657,Versova,18.21356238139844,41.350570389929885,0.4287732659812879,2.1617180271129537,0.0,128.33462479034233
2027-05-15T11:06:19.504657,Versova,13.779505429706692,31.026061294823833,0.7943877514168934,2.768788668045586,16.764234178440734,349.61368188570077
2027-05-15T23:06:19.504657,Bandra,15.377163714388637,30.21064446886816,0.7871914314160002,0.4389757722267333,0.0,124.12398351314226
2027-05-16T11:06:19.504657,Versova,8.270434075603074,60.80782153070939,0.9561537489884839,0.5025938243224151,0.0,119.24744140761315
2027-05-16T23:06:19.504657,Bandra,9.58229507382338,43.11235701388997,0.5432838095738937,1.1122634091457575,4.008386375030977,153.9527537828266
2027-05-17T11:06:19.504657,Bandra,13.202087333934639,49.821611923507035,1.5007937509558609,0.7617264167714337,20.325049790211548,312.0282783828003
2027-05-17T23:06:19.504657,Bandra,11.658059430053914,44.77601657080459,0.42869005560787526,0.9792318294980807,0.0,137.7770609057794
2027-05-18T11:06:19.504657,Juhu,18.05341934637909,21.373320385358614,1.2985187390918052,0.5506354732235277,11.017157121691126,358.9151099805932
2027-05-18T23:06:19.504657,Versova,13.95163244532123,77.83461739077447,1.2344738046109731,0.7386687934170717,0.0,128.72875119836834
2027-05-19T11:06:19.504657,Versova,10.707779523738441,42.28797520198234,1.0357978438109394,0.45421005351619104,1.3713340131921639,212.02100882769287
2027-05-19T23:06:19.504657,Bandra,10.943922056207157,39.78971932115249,1.2367120784708878,1.0579062089890685,0.0,118.84784109793173
2027-05-20T11:06:19.504657,Juhu,7.488269158165818,25.452334995307275,0.45347306744959437,0.3710663665861839,3.6736034914748665,201.24560202161814
2027-05-20T23:06:19.504657,Versova,10.875007054507744,45.874349029661666,0.713113091837711,0.04449559367606375,0.0,80.82128230622531
2027-05-21T11:06:19.504657,Bandra,11.193597307627755,55.73549971767815,1.1710395624058425,0.5895100891624435,2.2560249171924736,116.67700136942607
2027-05-21T23:06:19.504657,Juhu,10.021513689484717,48.40969361393828,0.6754725989824014,0.9546448510027968,7.051486589381767,184.4202780554344
2027-05-22T11:06:19.504657,Juhu,12.8960899869638,39.17121318105916,1.0970249491981068,0.4547517938554022,5.8183460077645375,206.29749916365452
2027-05-22T23:06:19.504657,Bandra,17.70872689859689,39.233662605196955,1.3167089558155478,1.7680085295042263,7.16051135263064,275.93082147830984
2027-05-23T11:06:19.504657,Juhu,11.567510060591674,33.013110388669986,0.2520141519548508,0.44459009180058456,0.0,160.2410800844769
2027-05-23T23:06:19.504657,Juhu,8.379807055784795,50.27188161044463,0.7270020519878823,0.210286101244211,3.5705081522969206,130.22613879210505
2027-05-24T11:06:19.504657,Bandra,11.997941259676553,60.18981372908014,0.7315286020545105,1.5578324403911663,13.123494193499589,177.63609970324356
2027-05-24T23:06:19.504657,Versova,12.919734825445403,73.14190480829558,0.8657040570425492,0.7477207055902514,0.0,165.82013543622142
2027-05-25T11:06:19.504657,Juhu,11.65077721705636,57.083930982994005,0.8185832104934563,0.20228189132911353,0.0,164.89611761088716
2027-05-25T23:06:19.504657,Versova,13.356208192507603,4.888695041862718,0.8237870712066743,1.2228279212906001,8.243781842244223,296.7655096069225
2027-05-26T11:06:19.504657,Versova,9.81361015668858,69.41430390990882,0.6699948334746422,0.5235703840201684,0.0,191.46849803013842
2027-05-26T23:06:19.504657,Juhu,11.11109100748768,61.91367741389652,0.4322426844625609,0.8175136633900072,6.741682405914167,212.33103432541924
2027-05-27T11:06:19.504657,Versova,12.983459753588164,71.6680046866545,0.38857599133372056,0.03534003554974796,2.841867783026447,275.32895831218275
2027-05-27T23:06:19.504657,Bandra,10.077814162120067,0.4853332522221976,0.8358370020217362,0.13976731510294024,11.891949720939472,249.22287350784632
2027-05-28T11:06:19.504657,Bandra,14.761528725197037,16.51538658227389,0.7366828894396821,0.23329510050896948,1.5764742686849034,132.0614889222828
2027-05-28T23:06:19.504657,Juhu,19.105003627201313,62.120961895510256,0.29479879466115066,0.04975074864916575,0.0,272.44545402762833
2027-05-29T11:06:19.504657,Bandra,14.557225230479924,47.42496334382937,0.8786954412447178,1.4032415244656233,0.0,156.0343831253537
2027-05-29T23:06:19.504657,Juhu,10.112531441634903,38.89406048556183,0.7453954793051484,1.6334082428636147,0.0,54.17130355703624
2027-05-30T11:06:19.504657,Juhu,12.438644389132678,25.58234255712304,0.8702285891513317,0.2033775235633515,0.0,157.91570525834464
2027-05-30T23:06:19.504657,Juhu,17.888510865312448,31.17077874708876,0.6069097460643952,0.6922384402369662,0.0,235.45087393954995
2027-05-31T11:06:19.504657,Juhu,11.373422851342122,49.91638443632778,0.37470807283177826,0.1173691315415947,0.0,103.55339085134099
2027-05-31T23:06:19.504657,Bandra,12.050298056616732,43.49829578014214,0.7486922090507545,0.0036129549751315188,0.0,82.83975027990881
2027-06-01T11:06:19.504657,Juhu,34.54479870632706,209.42825906376578,1.6932194768871667,4.1750111180779665,34.823060982850876,735.7282483582186
2027-06-01T23:06:19.504657,Bandra,25.234549040824284,213.06547409001445,1.285958274311597,10.187267000135913,31.518177339870533,621.5375115216948
2027-06-02T11:06:19.504657,Bandra,24.92601457655905,206.94773554951567,1.7774947562597403,4.350511904708045,18.718002816189042,508.26942929256904
2027-06-02T23:06:19.504657,Bandra,15.550628243779611,180.28696340523976,1.827957656936889,3.1963279418504538,0.0,201.67932625802715
2027-06-03T11:06:19.504657,Juhu,28.974595971313672,185.40811448294943,1.3759683592870469,9.383586536048176,3.7419291973853595,377.56425210602265
2027-06-03T23:06:19.504657,Juhu,24.82963520765361,204.81768231168746,1.6078080489065307,2.9231859749529807,17.801633803231393,401.76592440863624
2027-06-04T11:06:19.504657,Juhu,27.123269842246508,219.93720101079387,1.985600413862588,5.607352785292221,31.777209551833764,636.3423349999624
2027-06-04T23:06:19.504657,Juhu,36.693862655239144,249.5758775782103,1.9980357832681122,3.1713655827315423,80.91860652839034,1080.5227324124214
2027-06-05T11:06:19.504657,Juhu,24.509497165348005,210.4334146315652,1.7304582384317544,13.060176510235229,18.712182693252764,436.63613404610123
2027-06-05T23:06:19.504657,Bandra,23.548736220800205,180.30412788499507,1.7241224868955698,12.633987718300776,0.0,398.3029759994246
2027-06-06T11:06:19.504657,Bandra,24.25970693880589,215.07588248516984,1.5140808895245683,9.647521352074977,29.352291900276906,546.0856920252287
2027-06-06T23:06:19.504657,Versova,33.5119601757397,203.06501634666913,0.8160810584591853,45.828624324845386,31.158461969854173,826.741655036292
2027-06-07T11:06:19.504657,Bandra,20.215143197119094,244.41771778176317,1.3367822345943507,0.09520305901466013,43.870959829927834,627.5196368107122
2027-06-07T23:06:19.504657,Versova,22.505288340235328,208.90917031752048,1.780428254394771,15.341632249914172,43.38162086907586,736.3718125807549
2027-06-08T11:06:19.504657,Juhu,18.60534685633729,228.46395285417495,0.9523154464306061,19.129114610656913,36.513854608981035,684.7521285769365
2027-06-08T23:06:19.504657,Juhu,34.63693421685559,225.2362863464519,1.712910515663276,1.136149608139946,48.51795459789244,845.184831164003
2027-06-09T11:06:19.504657,Versova,24.686007179561372,232.36244450945935,2.260643825605782,0.3494697830912499,28.813629698807766,552.48167924575
2027-06-09T23:06:19.504657,Versova,21.895578804063682,255.10643039945128,1.4909952803856295,12.838620796209172,35.80099473731773,546.9726330014804
2027-06-10T11:06:19.504657,Juhu,22.494114315234825,215.1242708004335,1.167503992798235,4.834563272050999,50.24398387424367,665.6053210777214
2027-06-10T23:06:19.504657,Bandra,29.303427106843152,208.3427344969093,1.2490984390511137,5.169672074478548,9.15881704609805,473.37974618781345
2027-06-11T11:06:19.504657,Bandra,26.151361566275348,255.24135898282907,1.4538306678043094,10.243530165867536,50.06912594146239,738.4078899790005
2027-06-11T23:06:19.504657,Versova,20.225654592079618,194.18484383369275,1.1336107846184325,1.2447705874384756,18.556546102080098,419.7161019415579
2027-06-12T11:06:19.504657,Versova,16.05669871183663,222.557992197397,1.7814800428974824,10.697452964285032,18.630154459800846,477.26681512963756
2027-06-12T23:06:19.504657,Bandra,21.115689506893037,220.03497772277814,1.5927835155380083,38.96727896049611,25.038352533150324,681.567680373349
2027-06-13T11:06:19.504657,Juhu,26.170306554471566,230.8915360108064,1.305949108749713,2.914708448938797,56.79347935429959,723.0851988437809
2027-06-13T23:06:19.504657,Bandra,21.03998212952378,201.1324237511236,1.595978358553432,16.025269280127727,14.067219317771329,375.0429617147008
2027-06-14T11:06:19.504657,Juhu,24.031988019963006,204.355772000272,1.7115993994698755,9.53583426790891,23.75436561910731,563.2249862619783
2027-06-14T23:06:19.504657,Bandra,24.915585100424405,203.82887915311423,1.6536513357861573,6.0081722755632505,3.4698845674163508,308.5035634298784
2027-06-15T11:06:19.504657,Juhu,24.190676173211347,214.3093648395483,1.2232915692664728,8.74361123852791,18.788715872401802,547.6451113770257
2027-06-15T23:06:19.504657,Versova,29.718569386129623,245.26385347894293,1.727374553444275,3.24792825988939,51.8091674698455,759.822894559183
2027-06-16T11:06:19.504657,Juhu,19.027962410714796,234.8164680829191,1.6477077374927973,8.841124425886056,24.265413229267878,494.67810989159545
2027-06-16T23:06:19.504657,Bandra,24.971096912655298,247.65338506660086,1.7419559576247898,22.24468857631595,35.3344566564253,621.6185592152952
2027-06-17T11:06:19.504657,Bandra,31.235275737268317,239.01190794554256,1.5370372668507428,3.9021510372416115,49.119155638697784,780.7319636617851
2027-06-17T23:06:19.504657,Versova,26.225693858223007,189.43303377646035,1.4067261440372594,5.274305320245331,37.94200996282688,615.1315122580537
2027-06-18T11:06:19.504657,Versova,17.64538834808428,240.48359037086453,1.361935722276885,6.1335239927125915,30.660141451958513,465.53247713485763
2027-06-18T23:06:19.504657,Versova,19.179552052106963,183.87309512420939,1.317325161148514,0.4853996518066258,2.670104871269305,192.1535410229463
2027-06-19T11:06:19.504657,Bandra,24.236744994190122,242.7689386071711,1.4734181680954173,1.8377729716941498,23.211406750437757,487.24224279437817
2027-06-19T23:06:19.504657,Bandra,20.371395772653443,198.77201540979945,0.7001346269028802,1.4272094002971767,11.03866993419886,316.84045598287287
2027-06-20T11:06:19.504657,Versova,20.058724994116144,248.46458182586997,1.5002626758721862,8.866694276304367,30.28531957792228,450.65112348835726
2027-06-20T23:06:19.504657,Versova,25.426031809778184,203.79020621464093,1.202690743761989,40.07279734727132,17.26888056087158,713.6423663751559
2027-06-21T11:06:19.504657,Juhu,17.75101195528982,197.93758003991752,1.701813378122593,2.7925633503407306,10.443626168487386,339.8308292363487
2027-06-21T23:06:19.504657,Juhu,23.856078280403093,228.35383069719123,1.4051110390905466,3.0492728836281784,47.240192411453314,741.9687054001246
2027-06-22T11:06:19.504657,Juhu,26.470124798054574,216.682814438486,1.532276293222477,3.434291461353653,44.398705892101205,580.3332115995928
2027-06-22T23:06:19.504657,Juhu,22.98050544567793,242.1147050395238,1.3815665229738954,3.9582986119365753,39.4947154391822,590.6520136551559
2027-06-23T11:06:19.504657,Juhu,24.582946326267194,246.95793073466652,0.9016837275176477,12.183807770700492,53.81895207071397,841.6987648531529
2027-06-23T23:06:19.504657,Versova,19.649207682465697,230.3427259292346,1.5956512210141276,2.7118298977430744,13.66714782195633,353.88226329551765
2027-06-24T11:06:19.504657,Versova,35.11471038153293,216.435151517443,1.2883034152741133,2.2824261758282196,35.9941120661172,804.3780678011418
2027-06-24T23:06:19.504657,Versova,29.310556895168673,200.84790984867078,1.7053972623009142,6.685821142084686,0.0,458.5245878688314
2027-06-25T11:06:19.504657,Versova,21.016937151860105,188.91298457822074,1.9039013119054085,0.34972682961009993,14.040241645878861,357.5444136375422
2027-06-25T23:06:19.504657,Versova,22.65080483124693,221.1645657621654,1.8159239440776347,4.352898155281995,33.287663457173124,581.6203529662275
2027-06-26T11:06:19.504657,Versova,32.93447921794159,229.37137777747432,2.0006424243902114,9.37801290294338,54.23348576768355,871.1106233345802
2027-06-26T23:06:19.504657,Bandra,30.10001927318082,264.14978845371456,1.5885371508908523,33.599173240298484,64.4713088625987,1056.8802517297872
2027-06-27T11:06:19.504657,Juhu,33.79582902735109,222.0121157279515,1.0443046249333756,0.630863813494674,21.87896084265116,605.1879325152732
2027-06-27T23:06:19.504657,Versova,33.01915710930708,245.0099327298112,1.3885916678804522,5.315685757702193,41.74020747299263,788.3418958512243
2027-06-28T11:06:19.504657,Versova,22.487192914457548,263.5853999324257,1.46916976155372,1.1703183568653959,58.067043313628474,727.4989562232572
2027-06-28T23:06:19.504657,Juhu,31.24353181348931,251.14920238282744,1.3486879134115917,2.841892720972912,52.186607670354675,858.5584823843965
2027-06-29T11:06:19.504657,Versova,24.003462638664903,193.9218095084527,1.2238931473586887,0.3113932546529934,13.5888815441975,340.78708095922207
2027-06-29T23:06:19.504657,Versova,29.36166054701684,203.53129012334537,1.759582831852899,54.87996023927301,14.197280926748071,710.7520098547108
2027-06-30T11:06:19.504657,Juhu,30.55344064800012,237.64917372296352,1.643280338298688,14.346996062587865,47.62175418355539,816.5952290707678
2027-06-30T23:06:19.504657,Bandra,30.341704710116325,217.21349639256346,1.4794830715226739,8.195025354390102,41.63838050528686,768.1544113243622
2027-07-01T11:06:19.504657,Versova,25.88667121084147,235.0446944070395,1.0133038160118704,33.43463232916541,36.89203168979737,734.7724403405105
2027-07-01T23:06:19.504657,Versova,29.29697602169439,221.36297910959934,1.2328189793185733,1.5550868589388656,35.46088873822627,605.6942783779759
2027-07-02T11:06:19.504657,Versova,22.789161673289204,231.95521296453782,1.7660465137282149,29.21993172785653,42.76977053916973,682.8662812255048
2027-07-02T23:06:19.504657,Juhu,29.685133657044222,219.7159073933366,1.4984196670042544,4.953471274953431,41.99314146732248,775.5478399782811
2027-07-03T11:06:19.504657,Versova,24.53369667229118,226.10403507590365,1.321227767756086,0.17451518515534117,28.524150480437292,578.9038608345554
